100002116143374,https://www.facebook.com/shinee,shinee
100002116143374,https://www.facebook.com/IsShow,IsShow
100002116143374,https://www.facebook.com/pages/%E6%B1%9F%E6%98%8E%E5%A8%9F/102492896463413,102492896463413
100002116143374,https://www.facebook.com/WilberPan,WilberPan
100002116143374,https://www.facebook.com/pages/%E6%B0%B4%E7%93%B6%E5%BA%A7%E5%BF%83%E7%90%86%E5%AD%A6-%E3%82%B8/200739100062098,200739100062098
100002116143374,https://www.facebook.com/Official.YellowBook,Official.YellowBook
100002116143374,https://www.facebook.com/LAICHIFANS,LAICHIFANS
100002116143374,https://www.facebook.com/ARAYCOMIX,ARAYCOMIX
100002116143374,https://www.facebook.com/twelvenights,twelvenights
100002116143374,https://www.facebook.com/BuBuJingXinGTV,BuBuJingXinGTV
100002116143374,https://www.facebook.com/KOONERETURN,KOONERETURN
100002116143374,https://www.facebook.com/pages/%E5%8E%9F%E4%BE%86%E6%98%AF%E7%BE%8E%E7%94%B7-%E5%8F%B0%E7%81%A3%E9%9B%BB%E8%A6%96%E5%8A%87/401428736571516,401428736571516
100002116143374,https://www.facebook.com/K.O.OneReact,K.O.OneReact
100002116143374,https://www.facebook.com/pages/%E4%BC%8A%E9%81%94%E5%82%B3%E8%AA%AA/201150279973018,201150279973018
100002116143374,https://www.facebook.com/Garena.Mstar,Garena.Mstar
100002116143374,https://www.facebook.com/Mr.Usagi2012,Mr.Usagi2012
100002116143374,https://www.facebook.com/FFonline.tw,FFonline.tw
100002116143374,http://l.facebook.com/l.php?u=http%3A%2F%2Ffacebook-like.org%2Findex.php%3Fp%3D1411&h=qAQEcmRZt&s=1,
100002116143374,http://l.facebook.com/l.php?u=http%3A%2F%2Ffacebook-like.org%2Findex.php%3Fp%3D1244&h=1AQHbO2kJ&s=1,
100002116143374,https://www.facebook.com/strawberry1016,strawberry1016
100002116143374,https://www.facebook.com/pages/%E9%BB%83%E6%96%87%E6%98%9F/127068187318377,127068187318377
100002116143374,https://www.facebook.com/pages/%E7%82%8E%E4%BA%9E%E5%80%AB/185697664777908,185697664777908
100002116143374,https://www.facebook.com/pages/%E7%BE%85%E5%BF%97%E7%A5%A5/91612492408,91612492408
100002116143374,https://www.facebook.com/IsShow,IsShow
100002116143374,https://www.facebook.com/facediary.net,facediary.net
100002116143374,https://www.facebook.com/pages/%E5%B0%8F%E9%9B%9E%E5%95%84%E7%B1%B3-%E5%89%B5%E6%84%8F%E5%B7%A5%E5%9D%8A/163378130424952,163378130424952
100002116143374,https://www.facebook.com/sourcest.net,sourcest.net
100002116143374,https://www.facebook.com/ZEA.CHINESE,ZEA.CHINESE
100002116143374,https://www.facebook.com/GoodClub.tw,GoodClub.tw
100002116143374,https://www.facebook.com/EGJTW,EGJTW
100002116143374,https://www.facebook.com/pages/%E5%BF%AB%E6%A8%82%E5%85%B6%E5%AF%A6%E5%BE%88%E7%B0%A1%E5%96%AE/373049382716954,373049382716954
100002116143374,https://www.facebook.com/pages/98%E8%99%9F%E5%B7%A5%E5%9D%8A/655360771245073,655360771245073
100002116143374,https://www.facebook.com/pages/%E5%B1%8F%E6%9D%B1%E5%B0%8F%E8%9D%B8%E7%89%9B%E5%AC%B0%E5%85%92%E7%94%A8%E5%93%81%E7%99%BE%E8%B2%A8/300093973393418,300093973393418
100002116143374,https://www.facebook.com/PopDaliyMag,PopDaliyMag
100002116143374,https://www.facebook.com/Onigiri1224,Onigiri1224
100002116143374,https://www.facebook.com/Likecasio,Likecasio
100002116143374,https://www.facebook.com/BruceFanPage,BruceFanPage
100002116143374,https://www.facebook.com/easyhaha,easyhaha
100002116143374,https://www.facebook.com/auddielife,auddielife
100002116143374,https://www.facebook.com/pages/boMb01/329591000528836,329591000528836
100002116143374,https://www.facebook.com/ptt01s,ptt01s
100002116143374,https://www.facebook.com/wenzaocdc,wenzaocdc
100002116143374,https://www.facebook.com/tw.mustela,tw.mustela
100002116143374,https://www.facebook.com/pages/%E6%99%82%E9%AB%A6%E4%BA%BA%E5%A6%BB-%E9%BB%83%E5%B0%8F%E6%9F%94%E5%BF%AB%E6%A8%82%E6%88%90%E9%95%B7/127930007239142,127930007239142
100002116143374,https://www.facebook.com/runapg,runapg
100002116143374,https://www.facebook.com/rakutenbrandave,rakutenbrandave
100002116143374,https://www.facebook.com/twpttbook,twpttbook
100002116143374,https://www.facebook.com/ACGInMyWords,ACGInMyWords
100002116143374,https://www.facebook.com/escher.KAO,escher.KAO
100002116143374,https://www.facebook.com/pages/%E5%91%82%E6%8D%B7%E6%AD%B7%E5%8F%B2-%E6%9C%95%E5%8D%B3%E5%A4%A9%E4%B8%8B/277698259087166,277698259087166
100002116143374,https://www.facebook.com/pages/Chi-s-house/1480722565549336,1480722565549336
100002116143374,https://www.facebook.com/wzusu,wzusu
100002116143374,https://www.facebook.com/wtuccrush,wtuccrush
100002116143374,https://www.facebook.com/allcaneat,allcaneat
100002116143374,https://www.facebook.com/wenzaohhc,wenzaohhc
100002116143374,https://www.facebook.com/pages/%E9%99%B3%E5%90%89%E9%A3%AF%E3%81%AE%E9%A3%AF%E9%A3%AF%E8%BB%8D%E5%9C%98-%E9%99%88%E5%90%89%E7%B1%B3a%E5%A6%B9%E5%A6%B9/1535457306683278,1535457306683278
100002116143374,https://www.facebook.com/pages/WEVA/139433329422695,139433329422695
100002116143374,https://www.facebook.com/Hi.BreadTree,Hi.BreadTree
100002116143374,https://www.facebook.com/pages/%E5%B0%8FQ-%E7%84%A6%E7%B3%96Queenie/758339394205544,758339394205544
100002116143374,https://www.facebook.com/iris1221,iris1221
100002116143374,https://www.facebook.com/kinhairsalon,kinhairsalon
100002116143374,https://www.facebook.com/CHARTScrushes,CHARTScrushes
100002116143374,https://www.facebook.com/cherngs.y,cherngs.y
100002116143374,https://www.facebook.com/s3beauty,s3beauty
100002116143374,https://www.facebook.com/couragework,couragework
100002116143374,https://www.facebook.com/beautyshop.Since2014,beautyshop.Since2014
100002116143374,https://www.facebook.com/wenzaodcam,wenzaodcam
100002116143374,https://www.facebook.com/pages/%E8%94%A1%E6%98%8C%E6%86%B2/121721727936951,121721727936951
100002116143374,https://www.facebook.com/taiwanvickyexchangestudentinbrazil,taiwanvickyexchangestudentinbrazil
100002116143374,https://www.facebook.com/WenzaoUP,WenzaoUP
100002116143374,https://www.facebook.com/duncanlindesign,duncanlindesign
100002116143374,https://www.facebook.com/pages/%E6%9E%97%E5%BF%97%E9%A2%96/252078234810305,252078234810305
100002116143374,https://www.facebook.com/pages/Cinderella-%E4%BB%99%E6%9D%9C%E7%91%9E%E6%8B%89%E9%90%B5%E6%9D%BF%E7%94%9C%E9%BB%9E%E4%B8%BB%E9%A1%8C%E9%A4%90%E5%BB%B3/171732626347999,171732626347999
100002116143374,https://www.facebook.com/ncat.tainan,ncat.tainan
100002116143374,https://www.facebook.com/TMHphotograph,TMHphotograph
100002116143374,https://www.facebook.com/pet.kuso,pet.kuso
100002116143374,https://www.facebook.com/kcsaa,kcsaa
100002116143374,https://www.facebook.com/benq.tw,benq.tw
100002116143374,https://www.facebook.com/pages/%E9%87%91%E5%B8%8C%E6%BE%88/272909946156865,272909946156865
100002116143374,https://www.facebook.com/BaiChiGongZhu,BaiChiGongZhu
100002116143374,https://www.facebook.com/pgoscooter,pgoscooter
100002116143374,https://www.facebook.com/LeeChienNa,LeeChienNa
100002116143374,https://www.facebook.com/pages/YU%E3%81%AE%E5%B0%8F%E7%B9%AA/241423612723378,241423612723378
100002116143374,https://www.facebook.com/Aidahello,Aidahello
100002116143374,https://www.facebook.com/crazyrightnow,crazyrightnow
100002116143374,https://www.facebook.com/mr.freesmile,mr.freesmile
100002116143374,https://www.facebook.com/novenews,novenews
100002116143374,https://www.facebook.com/pages/%E9%A6%AC%E7%88%BE%E5%B0%8F%E4%B8%8D%E5%9A%A8%E5%92%9A%E4%B8%80%E9%BB%9E%E9%BB%9E/715364518501412,715364518501412
100002116143374,https://www.facebook.com/mumujewelry2014,mumujewelry2014
100002116143374,https://www.facebook.com/swhite523,swhite523
100002116143374,https://www.facebook.com/crazyhaha,crazyhaha
100002116143374,https://www.facebook.com/ByeByeChuChu,ByeByeChuChu
100002116143374,https://www.facebook.com/WithGaLoveTaiwan,WithGaLoveTaiwan
100002116143374,https://www.facebook.com/officialspexialmatthew,officialspexialmatthew
100002116143374,https://www.facebook.com/officialspexialsam,officialspexialsam
100002116143374,https://www.facebook.com/officialspexialwes,officialspexialwes
100002116143374,https://www.facebook.com/zonyandyony,zonyandyony
100002116143374,https://www.facebook.com/Boo,Boo
100002116143374,https://www.facebook.com/GUIGUI811,GUIGUI811
100002116143374,https://www.facebook.com/pages/%EC%9A%B0%EC%A3%BC%EB%8C%80%EC%8A%A4%ED%83%80-%EA%B9%80%ED%9D%AC%EC%B2%A0-%E5%AE%87%E5%AE%99%E5%A4%A7%E6%98%8E%E6%98%9F-%E9%87%91%E5%B8%8C%E6%BE%88/282649655079779,282649655079779
100002116143374,https://www.facebook.com/5mmphoto,5mmphoto
100002116143374,https://www.facebook.com/CALTANDS,CALTANDS
100002116143374,https://www.facebook.com/phonecase.design,phonecase.design
100002116143374,https://www.facebook.com/love.yuweishao,love.yuweishao
100002116143374,https://www.facebook.com/Ali66.tw,Ali66.tw
100002116143374,https://www.facebook.com/pockycat,pockycat
100002116143374,https://www.facebook.com/pages/Fairy-wing-%E7%B2%BE%E9%9D%88%E7%9A%84%E7%BE%BD%E7%BF%BC/1471140366434612,1471140366434612
100002116143374,https://www.facebook.com/pages/%E7%82%BA%E4%BB%80%E9%BA%BC%E8%A6%81%E6%94%BE%E6%A3%84%E6%B2%BB%E7%99%82/673637566032143,673637566032143
100002116143374,https://www.facebook.com/10haha,10haha
100002116143374,https://www.facebook.com/Jay1031,Jay1031
100002116143374,https://www.facebook.com/pages/Unique-Hair/532151553537085,532151553537085
100002116143374,https://www.facebook.com/pages/Unique-Hair/466197363489184,466197363489184
100002116143374,https://www.facebook.com/owenandella,owenandella
100002116143374,https://www.facebook.com/pages/%E5%A7%8A%E5%A6%B9%E6%97%A5%E8%A8%98-sisterdiary/270319363086263,270319363086263
100002116143374,https://www.facebook.com/charity.info,charity.info
100002116143374,https://www.facebook.com/rudolfsky01,rudolfsky01
100002116143374,https://www.facebook.com/uniwater,uniwater
100002116143374,https://www.facebook.com/kh.inmap.tw,kh.inmap.tw
100002116143374,https://www.facebook.com/LegoLeeFB,LegoLeeFB
100002116143374,https://www.facebook.com/bobsonjeans.tw,bobsonjeans.tw
100002116143374,https://www.facebook.com/IDCKaohsiung,IDCKaohsiung
100002116143374,https://www.facebook.com/pages/%E4%BF%8A%E4%BB%8BSHUNSUKE/190114624388821,190114624388821
100002116143374,https://www.facebook.com/acerfoundation,acerfoundation
100002116143374,https://www.facebook.com/pages/%E4%BB%94%E4%BB%94-%E7%9F%B3%E4%BB%BB%E6%B0%91%E8%B6%85%E7%B4%9A%E6%8E%A5%E7%8F%AD%E4%BA%BA/492578047497735,492578047497735
100002116143374,https://www.facebook.com/pascalcampionart,pascalcampionart
100002116143374,https://www.facebook.com/711open,711open
100002116143374,https://www.facebook.com/EmpresssWorld,EmpresssWorld
100002116143374,https://www.facebook.com/G33only,G33only
100002116143374,https://www.facebook.com/usalontw,usalontw
100002116143374,https://www.facebook.com/mazs.studio.themefile,mazs.studio.themefile
100002116143374,https://www.facebook.com/pages/%E9%AB%98%E9%9B%84%E5%A3%BD%E5%B1%B1%E6%94%B6%E5%AE%B9%E6%89%80%E9%9D%9E%E5%AE%98%E6%96%B9%E7%B6%B2%E7%AB%99/109179182498287,109179182498287
100002116143374,https://www.facebook.com/CORGIABOO,CORGIABOO
100002116143374,https://www.facebook.com/pages/%E5%BF%83%E5%AF%B6%E8%B2%9D/1408454469375040,1408454469375040
100002116143374,https://www.facebook.com/Soulady1st,Soulady1st
100002116143374,https://www.facebook.com/ShanchaoJiJieBanRen,ShanchaoJiJieBanRen
100002116143374,https://www.facebook.com/kimiyuchun,kimiyuchun
100002116143374,https://www.facebook.com/ChaoJiJieBanRenSuXinZi,ChaoJiJieBanRenSuXinZi
100002116143374,https://www.facebook.com/pages/%E5%98%BB%E5%B0%8F%E7%93%9C/259962600698450,259962600698450
100002116143374,https://www.facebook.com/soarever,soarever
100002116143374,https://www.facebook.com/HeGuanLinJoyce,HeGuanLinJoyce
100002116143374,https://www.facebook.com/AngelHan.fans,AngelHan.fans
100002116143374,https://www.facebook.com/XiaoLaiLaiSUNSHINE,XiaoLaiLaiSUNSHINE
100002116143374,https://www.facebook.com/goodet123,goodet123
100002116143374,https://www.facebook.com/ethoscard,ethoscard
100002116143374,https://www.facebook.com/VinDiesel,VinDiesel
100002116143374,https://www.facebook.com/ehanlin.com.tw,ehanlin.com.tw
100002116143374,https://www.facebook.com/LuZhuoYun,LuZhuoYun
100002116143374,https://www.facebook.com/bc.ashi,bc.ashi
100002116143374,https://www.facebook.com/pages/Ben-Pai-%E7%99%BD%E5%90%89%E5%8B%9D/115459713451,115459713451
100002116143374,https://www.facebook.com/pages/%E9%87%91%E9%91%BD%E5%A4%9C%E5%B8%82-%E5%87%B1%E6%97%8B%E5%A4%9C%E5%B8%82/160689220767181,160689220767181
100002116143374,https://www.facebook.com/pages/%E9%87%87%E6%99%B4%E5%B7%A5%E5%9D%8A-ColorShine-Art-Studio/164531546947147,164531546947147
100002116143374,https://www.facebook.com/InMyWordz,InMyWordz
100002116143374,https://www.facebook.com/koala.bunny.love,koala.bunny.love
100002116143374,https://www.facebook.com/Frana520,Frana520
100002116143374,https://www.facebook.com/ilovebaijiji,ilovebaijiji
100002116143374,https://www.facebook.com/AmberCoshop,AmberCoshop
100002116143374,https://www.facebook.com/madhouse.tw,madhouse.tw
100002116143374,https://www.facebook.com/idearock.sale,idearock.sale
100002116143374,https://www.facebook.com/HanshinArena,HanshinArena
100002116143374,https://www.facebook.com/bbqueenwomen,bbqueenwomen
100002116143374,https://www.facebook.com/SQUAD.TW,SQUAD.TW
100002116143374,https://www.facebook.com/104hs,104hs
100002116143374,https://www.facebook.com/YaBeCookie,YaBeCookie
100002116143374,https://www.facebook.com/DreamGirlsPuff,DreamGirlsPuff
100002116143374,https://www.facebook.com/bravo.Kaohsiung,bravo.Kaohsiung
100002116143374,https://www.facebook.com/star.star.08,star.star.08
100002116143374,https://www.facebook.com/pages/%E9%BB%83%E4%BB%81%E5%BE%B7-%E4%BB%A4/275256415935725,275256415935725
100002116143374,https://www.facebook.com/LULinMingHan,LULinMingHan
100002116143374,https://www.facebook.com/WangZhiLingChaoJiJieBanRen,WangZhiLingChaoJiJieBanRen
100002116143374,https://www.facebook.com/Beliefcwl,Beliefcwl
100002116143374,https://www.facebook.com/liuliuya.Handmade,liuliuya.Handmade
100002116143374,https://www.facebook.com/pages/%E5%85%83%E6%98%95-%E8%B6%85%E7%B4%9A%E6%8E%A5%E7%8F%AD%E4%BA%BA/508233125896964,508233125896964
100002116143374,https://www.facebook.com/sonymobiletw,sonymobiletw
100002116143374,https://www.facebook.com/viiandco,viiandco
100002116143374,https://www.facebook.com/Citoplasmas.Stop.Motion.Animation,Citoplasmas.Stop.Motion.Animation
100002116143374,https://www.facebook.com/AlienHome,AlienHome
100002116143374,https://www.facebook.com/UNDERLOVERBABY,UNDERLOVERBABY
100002116143374,https://www.facebook.com/OppericaDeLuanRuAiTu,OppericaDeLuanRuAiTu
100002116143374,https://www.facebook.com/pages/Hsuan-Hsuan/616244558405696,616244558405696
100002116143374,https://www.facebook.com/KIWEKIWE,KIWEKIWE
100002116143374,https://www.facebook.com/UranusTianWangXingdaiBaoJing,UranusTianWangXingdaiBaoJing
100002116143374,https://www.facebook.com/spexialsam,spexialsam
100002116143374,https://www.facebook.com/egg3c,egg3c
100002116143374,https://www.facebook.com/eason13xie,eason13xie
100002116143374,https://www.facebook.com/WoKuZhe,WoKuZhe
100002116143374,https://www.facebook.com/pages/%E7%A4%BE%E5%9C%98%E6%B3%95%E4%BA%BA%E5%8F%B0%E7%81%A3%E6%84%9B%E7%8B%97%E4%BA%BA%E5%8D%94%E6%9C%83/152357014902019,152357014902019
100002116143374,https://www.facebook.com/farmercrazy,farmercrazy
100002116143374,https://www.facebook.com/pages/%E7%89%B9%E5%88%A5%E6%B3%A8%E6%84%8F/347258712024822,347258712024822
100002116143374,https://www.facebook.com/SuperAnniversary,SuperAnniversary
100002116143374,https://www.facebook.com/netbignews,netbignews
100002116143374,https://www.facebook.com/howcombus,howcombus
100002116143374,https://www.facebook.com/DYCclothing,DYCclothing
100002116143374,https://www.facebook.com/aes.alien,aes.alien
100002116143374,https://www.facebook.com/pages/%E5%88%A9%E8%B1%AA%E5%82%91%E6%96%AF%E8%B6%85%E5%81%B67%E8%B6%85%E5%A4%A7%E7%B2%89%E7%B5%B2%E5%BE%8C%E6%8F%B4%E6%9C%83/412755215426868,412755215426868
100002116143374,https://www.facebook.com/LINlihao512,LINlihao512
100002116143374,https://www.facebook.com/XiuXiubear,XiuXiubear
100002116143374,https://www.facebook.com/QiaoHuChiaoYun,QiaoHuChiaoYun
100002116143374,https://www.facebook.com/pages/%E7%83%98%E7%88%90%E5%9C%B0%E5%91%B7%E9%A3%AF%E5%BA%97/100458436793333,100458436793333
100002116143374,https://www.facebook.com/threemouth,threemouth
100002116143374,https://www.facebook.com/CHASunionStudent,CHASunionStudent
100002116143374,https://www.facebook.com/blackiechen.lovelife4ever,blackiechen.lovelife4ever
100002116143374,https://www.facebook.com/pages/%E5%A4%A9%E8%A0%8D%E5%BA%A7/333582840050294,333582840050294
100002116143374,https://www.facebook.com/EasonFever,EasonFever
100002116143374,https://www.facebook.com/kikuChen,kikuChen
100002116143374,https://www.facebook.com/PALACE.PAGE,PALACE.PAGE
100002116143374,https://www.facebook.com/pages/%E7%B4%94%E8%B4%9E/299024190113977,299024190113977
100002116143374,https://www.facebook.com/LostNeverMind,LostNeverMind
100002116143374,https://www.facebook.com/pages/%E6%98%9F%E5%BA%A7%E5%AF%86%E8%AA%9E/204461652949241,204461652949241
100002116143374,https://www.facebook.com/fun168,fun168
100002116143374,https://www.facebook.com/capataiwan,capataiwan
100002116143374,https://www.facebook.com/GameSmash,GameSmash
100002116143374,https://www.facebook.com/happydelivery,happydelivery
100003473855581,https://www.facebook.com/pages/%E7%BE%85%E5%BF%97%E7%A5%A5-%E6%84%9B%E4%B8%8D%E5%96%AE%E8%A1%8C/110615465624453,110615465624453
100003473855581,https://www.facebook.com/pages/%E6%84%9B%E7%9A%84%E4%B8%BB%E5%A0%B4%E7%A7%80/107053659328362,107053659328362
100003473855581,https://www.facebook.com/pages/%E6%8F%AE%E8%91%97%E7%BF%85%E8%86%80%E7%9A%84%E5%A5%B3%E5%AD%A9/111313642227567,111313642227567
100003473855581,https://www.facebook.com/IsShow,IsShow
100003473855581,https://www.facebook.com/2014secondchance,2014secondchance
100003473855581,https://www.facebook.com/ENIAfilm,ENIAfilm
100003473855581,https://www.facebook.com/huangfeihong.tw,huangfeihong.tw
100003473855581,https://www.facebook.com/pages/%E5%89%A9%E5%A5%B3%E4%BF%9D%E9%91%A3/143319429140014,143319429140014
100003473855581,https://www.facebook.com/setinagoodway,setinagoodway
100003473855581,https://www.facebook.com/SETsuperidol,SETsuperidol
100003473855581,https://www.facebook.com/The.X.Dormitory.GTV,The.X.Dormitory.GTV
100003473855581,/l.php?u=http%3A%2F%2Fapps.facebook.com%2Fsoulfighter_tw%2F&h=iAQGvQeGm&s=1,l.php?u=http%3A%2F%2Fapps.facebook.com%2Fsoulfighter_tw%2F&h=iAQGvQeGm&s=1
100003473855581,https://www.facebook.com/FEAONE,FEAONE
100003473855581,https://www.facebook.com/pages/%E7%BE%8E%E5%A6%9D%E9%9B%9C%E8%AA%8C%E7%B6%B2/339930356097556,339930356097556
100003473855581,https://www.facebook.com/laughbombclub,laughbombclub
100003473855581,https://www.facebook.com/ACGInMyWords,ACGInMyWords
100003473855581,https://www.facebook.com/pages/%E9%AB%98%E9%9B%84%E5%B8%82%E6%BD%9B%E6%B0%B4%E6%95%91%E9%9B%A3%E5%8D%94%E6%9C%83/197828253661796,197828253661796
100003473855581,https://www.facebook.com/pages/%E5%90%B3%E7%94%B3%E6%A2%85/447889298612416,447889298612416
100003473855581,https://www.facebook.com/pages/%E9%84%AD%E5%85%83%E6%98%95/449028421857001,449028421857001
100003473855581,https://www.facebook.com/pages/Boboman-%E9%9C%9C%E6%B7%87%E6%B7%8B%E6%89%8B%E5%B7%A5%E9%AE%AE%E6%9E%9C%E6%B0%A3%E6%B3%A1%E9%A3%B2%E5%90%89%E6%8B%BF%E5%86%B0%E6%A3%92/476187802469009,476187802469009
100003473855581,https://www.facebook.com/pages/%E6%9F%B4%E5%B1%B1%E6%B5%B7%E6%B4%8B%E5%A4%A9%E5%A0%82-%E6%AD%90%E9%A2%A8%E9%A4%90%E9%A4%A8/319762044771782,319762044771782
100003473855581,https://www.facebook.com/monster531,monster531
100003473855581,https://www.facebook.com/simplechord,simplechord
100003473855581,https://www.facebook.com/sinyafan,sinyafan
100003473855581,https://www.facebook.com/TaiwanTalentShow,TaiwanTalentShow
100003473855581,https://www.facebook.com/pages/%E8%A8%B1%E8%93%8E%E6%A6%95/1563828363865092,1563828363865092
100003473855581,https://www.facebook.com/loveshowlo,loveshowlo
100003473855581,https://www.facebook.com/pages/%E7%BE%85%E5%BF%97%E7%A5%A5%E5%B0%8F%E8%B1%AC/203944746302876,203944746302876
100003473855581,https://www.facebook.com/dancingLuoZhiXiangWangLuHouYuanHui,dancingLuoZhiXiangWangLuHouYuanHui
100003473855581,https://www.facebook.com/pages/%E7%BD%97%E5%BF%97%E7%A5%A5/308384972582006,308384972582006
100003473855581,https://www.facebook.com/show.lo.tw,show.lo.tw
100003473855581,https://www.facebook.com/pages/%E6%B0%B8%E9%81%A0%E6%94%AF%E6%8C%81%E7%BE%85%E5%BF%97%E7%A5%A5/1459106657673923,1459106657673923
100003473855581,https://www.facebook.com/pages/%E7%BE%85%E5%BF%97%E7%A5%A5%E4%BA%9E%E6%B4%B2%E8%88%9E%E7%8E%8B/215097201987434,215097201987434
100003473855581,https://www.facebook.com/ElvisHuo,ElvisHuo
100003473855581,https://www.facebook.com/pages/%E7%BE%85%E5%BF%97%E7%A5%A5-%E4%B8%8D%E6%94%BE%E6%A3%84-%E6%88%91%E5%80%91%E6%9C%83%E9%99%AA%E4%BD%A0%E5%88%B0%E6%B0%B8%E9%81%A0-/770810989632128,770810989632128
100003473855581,https://www.facebook.com/showstagesfc0730,showstagesfc0730
100003473855581,https://www.facebook.com/pages/%E5%85%A9%E5%88%86%E4%B8%8D%E6%98%AF%E5%A4%A2/351933001657946,351933001657946
100003473855581,https://www.facebook.com/pages/Love-%E7%BE%85%E5%BF%97%E7%A5%A5/437842969637430,437842969637430
100003473855581,https://www.facebook.com/pages/Dirty%E5%B0%8F%E6%B4%8B/1530957280489333,1530957280489333
100003473855581,https://www.facebook.com/higkjhufjjdjk,higkjhufjjdjk
100003473855581,https://www.facebook.com/pages/%E6%B8%B8%E5%90%A6%E5%B8%8C/328461104022829,328461104022829
100003473855581,https://www.facebook.com/show.taiwan.families,show.taiwan.families
100003473855581,https://www.facebook.com/AIS.tw,AIS.tw
100003473855581,https://www.facebook.com/pages/%E5%AE%8B%E9%80%B8%E6%B0%91%E5%92%8C%E9%99%B3%E7%B6%AD%E9%BD%A1%E7%9A%84%E5%B9%B8%E7%A6%8F%E7%94%9F%E6%B4%BB/1392549074339347,1392549074339347
100003473855581,https://www.facebook.com/pages/%E6%B4%AA%E6%9E%97%E9%9B%A8%E8%90%8D-%E5%B7%B4%E5%A5%88%E5%8D%A1%E6%B4%9B/626024624181472,626024624181472
100003473855581,https://www.facebook.com/opchanneltw,opchanneltw
100003473855581,https://www.facebook.com/yousheng0609,yousheng0609
100003473855581,https://www.facebook.com/asusclub.tw,asusclub.tw
100003473855581,https://www.facebook.com/MTVTaiwan,MTVTaiwan
100003473855581,https://www.facebook.com/pages/%E6%A5%A0%E6%A2%93%E9%A4%A8%E7%A6%8F%E6%B0%A3%E6%BB%BF%E6%BB%BF%E5%B1%8B%E5%A5%B3%E6%80%A7%E7%B2%BE%E5%93%81%E6%9C%8D%E9%A3%BE%E5%85%A7%E5%9C%A8%E7%BE%8E%E4%BF%9D%E9%A4%8A%E5%93%81/407110472721500,407110472721500
100003473855581,https://www.facebook.com/duncanlindesign,duncanlindesign
100003473855581,https://www.facebook.com/pages/%E5%B0%8F%E9%9C%9C%E5%BE%90%E7%93%8A%E9%9C%9C%E5%BE%8C%E6%8F%B4%E6%9C%83/263427607026254,263427607026254
100003473855581,https://www.facebook.com/YenYuTingchaoJiJieBanRen,YenYuTingchaoJiJieBanRen
100003473855581,https://www.facebook.com/swhite523,swhite523
100003473855581,https://www.facebook.com/pages/Tfboys-%E6%98%93%E7%83%8A%E5%8D%83%E7%8E%BA/651118871645791,651118871645791
100003473855581,https://www.facebook.com/dream76843,dream76843
100003473855581,https://www.facebook.com/pages/%E9%83%AD%E4%BD%B3%E7%87%95/229211047095351,229211047095351
100003473855581,https://www.facebook.com/Crazydesiremedia,Crazydesiremedia
100003473855581,https://www.facebook.com/kikuChen,kikuChen
100003473855581,https://www.facebook.com/rockingjoy2011,rockingjoy2011
100003473855581,https://www.facebook.com/POPCornNext,POPCornNext
100003473855581,https://www.facebook.com/pages/%E4%BA%94%E6%9C%88%E5%A4%A9-%E7%91%AA%E8%8E%8E/199829546752158,199829546752158
100003473855581,https://www.facebook.com/by2fansclub,by2fansclub
100003473855581,https://www.facebook.com/pages/%E6%98%A5%E9%BD%8A%E7%99%BE%E8%B2%A8%E5%BB%A3%E5%A0%B4/139947999515602,139947999515602
100003473855581,https://www.facebook.com/pages/%E5%91%8A%E7%99%BD%E5%A4%A7%E7%A4%BE-DASHE-Confess/283305685207829,283305685207829
100003473855581,https://www.facebook.com/3M.com.tw,3M.com.tw
100003473855581,https://www.facebook.com/crazycrazytimes,crazycrazytimes
100003473855581,https://www.facebook.com/pages/%E6%95%96%E5%B0%8F%E7%8A%AC%E5%B0%8F%E6%95%96/106949306015306,106949306015306
100003473855581,https://www.facebook.com/C.Z.Y.HAN,C.Z.Y.HAN
100003473855581,https://www.facebook.com/YOUBEST.SO,YOUBEST.SO
100003473855581,https://www.facebook.com/LikeNews.fans,LikeNews.fans
100003473855581,https://www.facebook.com/cuteaaa,cuteaaa
100003473855581,https://www.facebook.com/crazyrightnow,crazyrightnow
100003473855581,https://www.facebook.com/YuLin1224alan99222,YuLin1224alan99222
100003473855581,https://www.facebook.com/CrazyNews.tw,CrazyNews.tw
100003473855581,https://www.facebook.com/LeoSayHi,LeoSayHi
100003473855581,https://www.facebook.com/BenDanYinWeiYouNiWoHenKuaiLe,BenDanYinWeiYouNiWoHenKuaiLe
100003473855581,https://www.facebook.com/0604rainie,0604rainie
100003473855581,https://www.facebook.com/myvideoTWM,myvideoTWM
100003473855581,https://www.facebook.com/I.am.very.pure.0909,I.am.very.pure.0909
100003473855581,https://www.facebook.com/blues.bear,blues.bear
100003473855581,https://www.facebook.com/hhhfb,hhhfb
100003473855581,https://www.facebook.com/cshs103movie,cshs103movie
100003473855581,https://www.facebook.com/JINLIN2012,JINLIN2012
100003473855581,https://www.facebook.com/iheardthattheclass,iheardthattheclass
100003473855581,https://www.facebook.com/bravo.Kaohsiung,bravo.Kaohsiung
100003473855581,https://www.facebook.com/AnyTimeNeedYou,AnyTimeNeedYou
100004642754164,https://www.facebook.com/WoAiWuYueTianXinXin,WoAiWuYueTianXinXin
100004642754164,https://www.facebook.com/SpeXialofficial,SpeXialofficial
100004642754164,https://www.facebook.com/pages/%E4%BA%94%E6%9C%88%E5%A4%A9/520607024636727,520607024636727
100004642754164,https://www.facebook.com/angel198817,angel198817
100004642754164,https://www.facebook.com/ichangego,ichangego
100004642754164,https://www.facebook.com/shingeki.kyoujin,shingeki.kyoujin
100004642754164,https://www.facebook.com/pages/%E6%94%BE%E6%A3%84%E6%B2%BB%E7%99%82/444443639022843,444443639022843
100004642754164,https://www.facebook.com/CarsMilesAxlerod,CarsMilesAxlerod
100004642754164,https://www.facebook.com/CarsFillmore,CarsFillmore
100004642754164,https://www.facebook.com/CarsMack,CarsMack
100004642754164,https://www.facebook.com/CarsTheQueen,CarsTheQueen
100004642754164,https://www.facebook.com/KOONERETURN,KOONERETURN
100004642754164,https://www.facebook.com/pages/%E8%90%8C%E5%AD%B8%E5%9C%924%E6%99%82%E7%A9%BA%E6%88%B0%E5%BD%B9/272888276149121,272888276149121
100004642754164,https://www.facebook.com/K.O.OneReact,K.O.OneReact
100004642754164,https://www.facebook.com/isetwow,isetwow
100004642754164,https://www.facebook.com/tos.hehagame,tos.hehagame
100004642754164,https://www.facebook.com/OnigiriTW,OnigiriTW
100004642754164,https://www.facebook.com/csoline.tw,csoline.tw
100004642754164,https://www.facebook.com/KevinLin.org,KevinLin.org
100004642754164,https://www.facebook.com/johncena,johncena
100004642754164,https://www.facebook.com/MASTERstreetball,MASTERstreetball
100004642754164,https://www.facebook.com/pages/%E6%80%AA%E7%8D%B8/332871670159723,332871670159723
100004642754164,https://www.facebook.com/wunianzhongban,wunianzhongban
100004642754164,https://www.facebook.com/pages/%E7%82%8E%E4%BA%9E%E7%B6%B8/215038735175674,215038735175674
100004642754164,https://www.facebook.com/pages/%E1%83%A6-%E5%88%AB%E7%A6%BB%E5%BC%80%E6%88%91-%E1%83%A6/461857403856659,461857403856659
100004642754164,https://www.facebook.com/players.lu,players.lu
100004642754164,https://www.facebook.com/chuduoguoai,chuduoguoai
100004642754164,https://www.facebook.com/Small.Smiley,Small.Smiley
100004642754164,https://www.facebook.com/QinAiDeWoXiangNiLegh,QinAiDeWoXiangNiLegh
100004642754164,https://www.facebook.com/pages/%E4%B8%8D%E8%83%BD%E8%AA%AA%E7%9A%84%E6%83%B3%E5%BF%B5-/271269593007670,271269593007670
100004642754164,https://www.facebook.com/foreverlove.iloveyou,foreverlove.iloveyou
100004642754164,https://www.facebook.com/pages/%E6%9D%B0%E5%93%A5%E4%B8%8D%E8%A6%81%E5%95%A6-%E6%9D%B0%E5%93%A5%E4%B8%8D%E8%A6%81/296595767143683,296595767143683
100004642754164,https://www.facebook.com/nature.gikau,nature.gikau
100004642754164,https://www.facebook.com/IAN.JiaHao,IAN.JiaHao
100004642754164,https://www.facebook.com/pages/%E6%88%91%E8%AA%AA%E7%AC%91-%E4%BD%A0%E8%AA%AA%E5%91%B5-%E6%88%91%E5%80%91%E4%B8%80%E8%B5%B7%E7%AC%91%E5%91%B5%E5%91%B5/1521803308081057,1521803308081057
100004642754164,https://www.facebook.com/pages/%E5%8F%B0%E5%8D%97%E5%A4%A9%E4%B8%8A%E4%BA%BA%E9%96%93%E9%85%92%E5%BA%97/195715173824375,195715173824375
100004642754164,https://www.facebook.com/MobileGirlMiM.tc,MobileGirlMiM.tc
100004642754164,https://www.facebook.com/pages/Dj%E5%A7%86%E9%9B%84%E5%80%8B%E4%BA%BA%E5%B7%A5%E4%BD%9C%E5%AE%A4/582177458463533,582177458463533
100004642754164,https://www.facebook.com/jorsindo.motor.club,jorsindo.motor.club
100004642754164,https://www.facebook.com/pages/VICTOR-%E5%8B%9D%E5%88%A9%E7%BE%BD%E7%90%83/153074298117536,153074298117536
100004642754164,https://www.facebook.com/pages/%E9%87%A3%E8%9D%A6%E6%8A%80%E8%A1%93%E7%A0%94%E7%BF%92%E7%A4%BE/542687485793057,542687485793057
100004642754164,https://www.facebook.com/pages/%E9%AB%98%E9%9B%84%E5%A4%A7%E6%94%AF%E9%87%A3%E5%85%B7/769657339744348,769657339744348
100004642754164,https://www.facebook.com/TaiwanNormady,TaiwanNormady
100004642754164,https://www.facebook.com/a13145340,a13145340
100004642754164,https://www.facebook.com/pages/%E6%A3%92%E7%90%83%E5%90%8D%E8%A8%80%E4%BD%B3%E5%8F%A5/627452587400448,627452587400448
100004642754164,https://www.facebook.com/pages/%E5%B1%8F%E9%82%91%E5%BB%A3%E8%81%AF%E7%A4%BE/382291458545664,382291458545664
100004642754164,https://www.facebook.com/KaiJiangTiYuYuQiuZhuanMaiDian,KaiJiangTiYuYuQiuZhuanMaiDian
100004642754164,https://www.facebook.com/pages/AND-%E8%89%BE%E8%8E%89%E5%85%92Allie-%E5%8F%B0%E7%81%A3%E5%BE%8C%E6%8F%B4%E6%9C%83/258796854291048,258796854291048
100004642754164,https://www.facebook.com/pages/%E7%AB%B9%E4%BB%94%E8%85%B3-%E8%81%96%E7%8E%8B%E8%BD%8E%E7%8F%AD%E6%9C%83/311155272416525,311155272416525
100004642754164,https://www.facebook.com/pages/%E5%BB%A3%E5%BF%83%E5%AE%AE%E8%BD%8E%E7%8F%AD%E5%9C%98/755054017863961,755054017863961
100004642754164,https://www.facebook.com/pages/%E6%95%AC%E4%BF%A1%E5%A0%82%E5%BB%A3%E6%BE%A4%E5%B0%8A%E7%8E%8B/503368403012061,503368403012061
100004642754164,https://www.facebook.com/919.zhong.an,919.zhong.an
100004642754164,https://www.facebook.com/CowbeiPRHS,CowbeiPRHS
100004642754164,https://www.facebook.com/blackiechen.lovelife4ever,blackiechen.lovelife4ever
100004642754164,https://www.facebook.com/swhite523,swhite523
100004642754164,https://www.facebook.com/pages/%E5%AF%B6%E5%B3%B6%E9%AD%9A%E5%BE%88%E5%A4%A7/159922700807293,159922700807293
100004642754164,https://www.facebook.com/pages/%E5%AF%B6%E5%B3%B6%E9%AD%9A%E5%BE%88%E5%A4%A7/308219535871181,308219535871181
100004642754164,https://www.facebook.com/pages/%E5%B1%8F%E9%82%91%E5%BB%A3%E8%81%AF%E8%97%9D%E9%99%A3/148150475371219,148150475371219
100004642754164,https://www.facebook.com/831FeverBusStation,831FeverBusStation
100004642754164,https://www.facebook.com/ILOVEBNN,ILOVEBNN
100004642754164,https://www.facebook.com/pages/%E6%BC%81%E8%88%88%E6%97%BA%E4%BC%91%E9%96%92%E6%B1%A0/181316898616805,181316898616805
100004642754164,https://www.facebook.com/pages/YouFuny/554237704707524,554237704707524
100004642754164,https://www.facebook.com/pages/%E5%B0%8F%E5%B0%8F%E7%A5%9E%E8%BD%8E/594178007272529,594178007272529
100004642754164,https://www.facebook.com/pages/%E8%B6%B4%E8%B6%B4/1555724671328283,1555724671328283
100004642754164,https://www.facebook.com/pages/%E5%BE%9E%E5%89%8D%E6%9C%89%E5%80%8B%E5%B1%81%E5%AD%A9/369934356521087,369934356521087
100004642754164,https://www.facebook.com/pages/%E6%B8%B8%E5%90%A6%E5%B8%8C/328461104022829,328461104022829
100004642754164,https://www.facebook.com/pages/Kiss-Music-Pub/594770617287038,594770617287038
100004642754164,https://www.facebook.com/pages/%E8%B3%A4%E7%94%B7%E8%AA%9E%E9%8C%84%E7%AC%AC%E4%BA%8C%E5%9B%9E/487924887974668,487924887974668
100004642754164,https://www.facebook.com/Momoyo520,Momoyo520
100004642754164,https://www.facebook.com/peach20110322,peach20110322
100004642754164,https://www.facebook.com/kikuChen,kikuChen
100004642754164,https://www.facebook.com/CooperBeatbox,CooperBeatbox
100004642754164,https://www.facebook.com/pages/%E4%B9%9D%E6%8A%8A%E5%88%80/122355981186846,122355981186846
100004642754164,https://www.facebook.com/JELLYSPORTS,JELLYSPORTS
100004642754164,https://www.facebook.com/f2006swim,f2006swim
100004642754164,https://www.facebook.com/VICTOR.FanClub,VICTOR.FanClub
100004642754164,https://www.facebook.com/adidas.badminwell.taiwan,adidas.badminwell.taiwan
100004642754164,https://www.facebook.com/pages/%E6%B0%91%E7%94%9F%E5%AE%B6%E5%95%86/120767771329225,120767771329225
100004642754164,https://www.facebook.com/YISHANGLED,YISHANGLED
100004642754164,https://www.facebook.com/pages/%E5%81%A5%E7%94%9F%E9%AB%94%E8%82%B2%E7%94%A8%E5%93%81%E7%A4%BE/530711490324623,530711490324623
100004642754164,https://www.facebook.com/pages/%E5%98%89%E9%82%91-%E7%8E%84%E5%BE%B7%E5%A0%82/507307169398972,507307169398972
100004642754164,https://www.facebook.com/pages/%E9%AB%98%E9%9B%84%E5%A4%AA%E5%AD%90%E5%A3%87/306299616244884,306299616244884
100004642754164,https://www.facebook.com/pages/%E7%AB%B9%E7%94%B0%E5%9C%8B%E4%B8%AD%E6%B4%BB%E5%8A%9B%E6%97%BA%E7%9B%9B%E7%9A%84%E4%B8%83%E5%B9%B4%E4%B8%80%E7%8F%AD/675518229232182,675518229232182
100004642754164,https://www.facebook.com/tai.diau,tai.diau
100004642754164,https://www.facebook.com/zsefv851129,zsefv851129
100004642754164,https://www.facebook.com/pages/%E5%8F%B0%E6%9D%B1%E9%BD%8A%E9%B3%B4%E8%BD%8E%E7%8F%AD%E5%9C%98/374897502660777,374897502660777
100004642754164,https://www.facebook.com/pages/%E8%81%BD%E8%AA%AA%E6%AF%8F%E7%8F%AD%E7%9A%84%E8%99%9F%E7%A2%BC/1479529205597878,1479529205597878
100004642754164,https://www.facebook.com/pages/%E5%B1%8F%E6%9D%B1%E7%A6%8F%E7%8E%84%E8%BD%8E%E7%8F%AD%E6%9C%83/393264064097268,393264064097268
100004642754164,https://www.facebook.com/pages/%E5%9C%A8%E4%B8%8D%E7%98%8B%E7%8B%82%E5%B0%B1%E9%9D%A0%E9%82%8A%E8%AE%9A/851182688259704,851182688259704
100004642754164,https://www.facebook.com/pages/%E8%A8%B1%E6%9A%9F%E6%B4%B5/360392394039206,360392394039206
100004642754164,https://www.facebook.com/duncanlindesign,duncanlindesign
100004642754164,https://www.facebook.com/JutenBadminton,JutenBadminton
100004642754164,https://www.facebook.com/rikjirejijii,rikjirejijii
100004642754164,https://www.facebook.com/typhoon.tw,typhoon.tw
100004642754164,https://www.facebook.com/pages/%E9%AB%98%E9%82%91-%E6%B0%B8%E5%AE%89%E6%AD%A6%E8%81%96%E5%AE%AE-%E6%A8%A1%E5%9E%8B/738685682837302,738685682837302
100004642754164,https://www.facebook.com/pages/%E5%B1%8F%E6%9D%B1%E7%B8%A3%E7%AB%B9%E7%94%B0%E5%9C%8B%E4%B8%AD/112394712182397,112394712182397
100004642754164,https://www.facebook.com/playthreesmallgame,playthreesmallgame
100004642754164,https://www.facebook.com/pages/%E5%85%A7%E5%9F%94%E5%8C%97%E9%BE%8D%E9%87%91%E7%81%AB%E8%BD%8E%E7%8F%AD%E5%9C%98/778614472168849,778614472168849
100004642754164,https://www.facebook.com/pages/%E5%8F%8B%E6%83%85%E8%88%87%E6%84%9B%E6%83%85%E4%BD%A0%E9%81%B8%E5%93%AA%E4%B8%80%E5%80%8B/494133567400231,494133567400231
100004642754164,https://www.facebook.com/pages/%E5%B0%8F%E5%B0%8F%E5%85%B5/455868014508916,455868014508916
100004642754164,https://www.facebook.com/kaikaikotw,kaikaikotw
100004642754164,https://www.facebook.com/clayartspace,clayartspace
100004642754164,https://www.facebook.com/Catfish.brother,Catfish.brother
100004642754164,https://www.facebook.com/kcsaa,kcsaa
100004642754164,https://www.facebook.com/pages/%E9%AB%98%E9%9B%84%E5%A4%A7%E7%A4%BE%E5%AE%A3%E6%BE%A4%E5%A0%82/521968594550800,521968594550800
100004642754164,https://www.facebook.com/pages/%E5%9A%87%E5%B1%8E%E6%88%91%E7%9A%84%E6%AF%9B%E4%BA%86/244333985775524,244333985775524
100004642754164,https://www.facebook.com/crazyrightnow,crazyrightnow
100004642754164,https://www.facebook.com/nakachou,nakachou
100004642754164,https://www.facebook.com/pages/%E6%AD%A6%E8%81%96%E8%BD%8E%E7%8F%AD%E6%9C%83-%E6%A8%A1%E5%9E%8B/692978890760121,692978890760121
100004642754164,https://www.facebook.com/LLBROTHER,LLBROTHER
100004642754164,https://www.facebook.com/randomtopage4,randomtopage4
100004642754164,https://www.facebook.com/wanmeixingzuo,wanmeixingzuo
100004642754164,https://www.facebook.com/EdwardSlimeKing,EdwardSlimeKing
100004642754164,https://www.facebook.com/pages/%E9%84%AD%E6%8D%B7-%E4%B8%80%E8%90%AC%E5%80%8B%E6%AD%BB%E5%88%91/251682011622320,251682011622320
100004642754164,https://www.facebook.com/pages/%E7%8E%8B%E7%8A%BD%E3%81%AE%E7%B9%AA%E7%95%AB%E5%AE%A4-%E9%99%A3%E9%A0%AD%E6%A8%A1%E5%9E%8B%E8%A3%BD%E4%BD%9C%E9%83%A8%E9%96%80/236543139869359,236543139869359
100004642754164,https://www.facebook.com/appdeath,appdeath
100004642754164,https://www.facebook.com/GoodTroupes,GoodTroupes
100004642754164,https://www.facebook.com/pages/%E9%B9%BF%E6%B8%AF%E8%B3%A2%E6%85%B6%E8%BB%92%E8%BD%8E%E8%97%9D%E7%B4%A1/138565469594627,138565469594627
100004642754164,https://www.facebook.com/pages/%E5%B1%8F%E6%9D%B1%E5%B8%82-%E6%85%88%E9%B3%B3%E5%AE%AE%E8%81%96%E5%B8%9D%E5%BB%9F/218742091588501,218742091588501
100004642754164,https://www.facebook.com/BauWangKuo,BauWangKuo
100004642754164,https://www.facebook.com/pages/%E5%B0%8A%E5%B7%BD%E5%BE%AE%E5%9E%8B%E5%B7%A5%E4%BD%9C%E5%AE%A4/267239773404138,267239773404138
100004642754164,https://www.facebook.com/pages/%E5%82%B3%E8%97%9D%E5%9D%8A%E8%BF%B7%E4%BD%A0%E8%BD%8E%E8%97%9D/317247061759363,317247061759363
100004642754164,https://www.facebook.com/KnightbearnaiTeXiong,KnightbearnaiTeXiong
100004642754164,https://www.facebook.com/pages/%E5%9F%BA%E9%9A%86%E5%8C%97%E6%BD%94%E5%A0%82%E6%A8%A1%E5%9E%8B%E8%BD%8E%E6%9C%83%E9%A4%A8/1377157665902568,1377157665902568
100004642754164,https://www.facebook.com/twogold,twogold
100004642754164,https://www.facebook.com/hi.good.hi.hi,hi.good.hi.hi
100004642754164,https://www.facebook.com/ak59002017,ak59002017
100004642754164,https://www.facebook.com/pages/%E6%B9%96%E5%85%A7%E5%88%86%E5%B1%80%E6%B3%A2%E9%BA%97%E5%A3%AB%E5%AE%A3%E5%B0%8E%E5%9C%98/520656578030412,520656578030412
100004642754164,https://www.facebook.com/pages/%E5%8D%97%E6%8A%95-%E9%A0%86%E5%AE%89%E5%A0%82-%E4%B8%AD%E5%A3%87%E5%85%83%E5%B8%A5-%E6%A8%A1%E5%9E%8B/1407736886161906,1407736886161906
100004642754164,https://www.facebook.com/a397643,a397643
100004642754164,https://www.facebook.com/wwe,wwe
100004642754164,https://www.facebook.com/stchingshi,stchingshi
100004642754164,https://www.facebook.com/Shark0986000198,Shark0986000198
100004642754164,https://www.facebook.com/chocolate.good,chocolate.good
100004642754164,https://www.facebook.com/iheardthattheclass,iheardthattheclass
100004642754164,https://www.facebook.com/zhensinuhuang,zhensinuhuang
100004642754164,https://www.facebook.com/pages/%E8%97%8D%E8%97%8D%E8%B7%AF%CF%89/1404157366501536,1404157366501536
100004642754164,https://www.facebook.com/pages/%E4%B8%AD%E8%81%96%E5%BE%A1%E5%9D%8A%E5%89%B5%E6%84%8F%E5%9C%98%E9%9A%8A/625730287442109,625730287442109
100004642754164,https://www.facebook.com/protect.you.forever,protect.you.forever
100004642754164,https://www.facebook.com/pages/%E7%95%B6%E6%88%91%E5%BF%98%E8%A8%98%E9%81%8E%E5%8E%BB%E6%99%82%E5%81%8F%E5%81%8F%E7%82%BA%E4%BB%80%E9%BA%BC%E5%8F%88%E8%AE%93%E6%88%91%E6%83%B3%E8%B5%B7/440649552644453,440649552644453
100004642754164,https://www.facebook.com/pages/%E4%B8%80%E7%A2%97%E8%B1%86%E8%85%90/400937759975768,400937759975768
100004642754164,https://www.facebook.com/MaYingjeou19748,MaYingjeou19748
100004642754164,https://www.facebook.com/pages/%E6%A8%A1%E5%9E%8B%E8%BD%8E%E8%97%9D%E7%A4%BE-%E5%BD%B0%E9%82%91%E5%8D%97%E5%A4%A9%E5%A3%87/577782405617130,577782405617130
100004642754164,https://www.facebook.com/pages/%E6%90%9E%E7%AC%91%E8%BD%8E%E8%97%9D%E5%9D%8A/700916303256440,700916303256440
100004642754164,https://www.facebook.com/Likeanaturalhabit,Likeanaturalhabit
100004642754164,https://www.facebook.com/s890801ss,s890801ss
100004642754164,https://www.facebook.com/charity.info,charity.info
100004642754164,https://www.facebook.com/starbuckstaiwan,starbuckstaiwan
100004642754164,https://www.facebook.com/people2,people2
100004642754164,https://www.facebook.com/adidasWomenTW,adidasWomenTW
100004642754164,https://www.facebook.com/hair2bug0301,hair2bug0301
100004642754164,https://www.facebook.com/nikerunningtw,nikerunningtw
100004642754164,https://www.facebook.com/SportsNote,SportsNote
100004642754164,https://www.facebook.com/110HELP,110HELP
100004642754164,https://www.facebook.com/OPENOPENCHAN,OPENOPENCHAN
100004642754164,https://www.facebook.com/nonie0610,nonie0610
100004642754164,https://www.facebook.com/86memo,86memo
100004642754164,https://www.facebook.com/pages/%E6%88%91%E6%84%9B%E4%BD%A0-%E9%82%A3%E4%BD%A0%E9%82%84%E6%84%9B%E6%88%91%E5%97%8E/528258017295447,528258017295447
100004642754164,https://www.facebook.com/rc25928587,rc25928587
100004642754164,https://www.facebook.com/cuoai.520,cuoai.520
100004642754164,https://www.facebook.com/adidasRunningTW,adidasRunningTW
100004642754164,https://www.facebook.com/pages/%E6%88%91%E4%B8%80%E7%9B%B4%E7%AC%91%E4%B8%8D%E5%81%9C-%E7%AC%91%E4%B8%8D%E5%81%9C-%E7%AC%91%E4%B8%8D%E5%81%9C/403177296396364,403177296396364
100004642754164,https://www.facebook.com/520mazu,520mazu
100004642754164,https://www.facebook.com/pages/%E5%9B%9B%E7%B3%B8%E4%B9%83%E6%9C%80%E6%A3%92-%E5%9B%9B%E7%B3%B8%E4%B9%83%E6%9C%80%E5%8F%AF%E6%84%9B-%E5%9B%9B%E7%B3%B8%E4%B9%83%E5%B0%B1%E6%98%AF%E7%84%A1%E6%95%B5/640409076030074,640409076030074
100004642754164,https://www.facebook.com/Mayday.Ashin.luv.Monster.4ever,Mayday.Ashin.luv.Monster.4ever
100004642754164,https://www.facebook.com/pages/%E6%88%91%E6%83%B3%E6%89%93%E5%8D%A1%E5%8F%AF%E6%98%AF%E6%88%91%E4%B8%8D%E6%83%B3%E8%AE%93%E4%BD%A0%E7%9F%A5%E9%81%93%E6%88%91%E5%9C%A8%E9%82%A3%E8%A3%A1/292815987472545,292815987472545
100004642754164,https://www.facebook.com/pages/%E5%B1%8F%E6%9D%B1%E7%B8%A3%E7%AB%B9%E7%94%B0%E9%84%89%E8%A5%BF%E5%8B%A2%E5%9C%8B%E5%B0%8F/187142781334873,187142781334873
100004642754164,https://www.facebook.com/QiJinLinJiaBaoAnGuangZeZunWangWuTaiBao,QiJinLinJiaBaoAnGuangZeZunWangWuTaiBao
100004642754164,https://www.facebook.com/s3beauty,s3beauty
100004642754164,https://www.facebook.com/ZheZhenDeRangWoDuZiHaoTongO,ZheZhenDeRangWoDuZiHaoTongO
100004642754164,https://www.facebook.com/KATOTAKA2.0,KATOTAKA2.0
100004642754164,https://www.facebook.com/BenDanYinWeiYouNiWoHenKuaiLe,BenDanYinWeiYouNiWoHenKuaiLe
100004642754164,https://www.facebook.com/XiShiKD,XiShiKD
100004642754164,https://www.facebook.com/mazu01,mazu01
100004642754164,https://www.facebook.com/attattoo,attattoo
100004642754164,https://www.facebook.com/pages/%E7%B5%82%E6%A5%B5%E4%B8%80%E7%8F%AD4/354887084658077,354887084658077
100004642754164,https://www.facebook.com/teresasharpeart,teresasharpeart
100004642754164,https://www.facebook.com/wwejapan,wwejapan
100004642754164,https://www.facebook.com/WWEAndTNA.WrestlingFans,WWEAndTNA.WrestlingFans
100004642754164,https://www.facebook.com/WWEMagazines,WWEMagazines
100004642754164,https://www.facebook.com/abhicenaaa,abhicenaaa
100004642754164,https://www.facebook.com/pages/Fun-%E5%BD%B1%E7%89%87/414467355301395,414467355301395
100004642754164,https://www.facebook.com/pages/%E6%AF%8F%E6%97%A5%E7%AC%91%E4%B8%8D%E5%81%9C/651019474932005,651019474932005
100004642754164,https://www.facebook.com/takeshiyin,takeshiyin
100004642754164,https://www.facebook.com/jackie,jackie
100004642754164,https://www.facebook.com/SRVUP,SRVUP
100004642754164,https://www.facebook.com/needlepowertattoo,needlepowertattoo
100004642754164,https://www.facebook.com/ICTato.N7,ICTato.N7
100004642754164,https://www.facebook.com/pages/%E7%B4%8B%E8%BA%AB%E6%8A%80%E8%A1%93%E5%AD%B8%E9%99%A2-%E5%88%BA%E9%9D%92%E7%B3%BB/262186470479733,262186470479733
100004642754164,https://www.facebook.com/boommini,boommini
100004642754164,https://www.facebook.com/MayDayHome,MayDayHome
100004642754164,https://www.facebook.com/bada.com.tw,bada.com.tw
100004642754164,https://www.facebook.com/DreamGirlsTia,DreamGirlsTia
100004642754164,https://www.facebook.com/pages/%E6%95%96%E5%B0%8F%E7%8A%AC%E5%B0%8F%E6%95%96/106949306015306,106949306015306
100004642754164,https://www.facebook.com/MoXingShenJiaoGongZuoShi,MoXingShenJiaoGongZuoShi
100004642754164,https://www.facebook.com/10haha,10haha
100004642754164,https://www.facebook.com/chiotian,chiotian
100004642754164,https://www.facebook.com/sispslibrary,sispslibrary
100004642754164,https://www.facebook.com/Foreverunites,Foreverunites
100004642754164,https://www.facebook.com/pages/%E9%99%A4%E4%BA%86%E4%BD%A0%E6%88%91%E8%B0%81%E9%83%BD%E4%B8%8D%E8%A6%81%E1%83%A6/442074735850711,442074735850711
100004642754164,https://www.facebook.com/pages/%E6%9B%BE%E6%B2%9B%E6%85%88/334279420017225,334279420017225
100004642754164,https://www.facebook.com/pages/%E5%B1%8F%E6%9D%B1%E7%B8%A3%E8%A5%BF%E5%8B%A2%E5%9C%8B%E5%B0%8F/145503402163847,145503402163847
100004642754164,https://www.facebook.com/tuanyuan99,tuanyuan99
100004642754164,https://www.facebook.com/pages/%E5%B7%B4%E9%88%BA/109046572510596,109046572510596
100004642754164,https://www.facebook.com/FansOfWWE.4948,FansOfWWE.4948
100004642754164,https://www.facebook.com/aes.alien,aes.alien
100004642754164,https://www.facebook.com/pages/%E8%AB%8B%E5%A4%A7%E5%AE%B6%E4%B8%80%E8%B5%B7%E7%82%BA%E6%88%91%E8%A8%B1%E5%8E%9F%E5%81%A5%E7%A5%88%E7%A6%B1%E5%8A%A0%E6%B2%B9%E6%89%93%E6%B0%A3%E6%88%91%E8%A6%81%E6%B4%BB%E4%B8%8B%E5%8E%BB/525686607474286,525686607474286
100002734132358,https://www.facebook.com/djhyo,djhyo
100002734132358,https://www.facebook.com/JiuYiYi,JiuYiYi
100002734132358,https://www.facebook.com/TimBryantMusic,TimBryantMusic
100002734132358,https://www.facebook.com/VKstyle,VKstyle
100002734132358,https://www.facebook.com/cafewaitinglove,cafewaitinglove
100002734132358,https://www.facebook.com/digittalk,digittalk
100002734132358,https://www.facebook.com/Garena.LoL,Garena.LoL
100002734132358,https://www.facebook.com/DestinyTheGame,DestinyTheGame
100002734132358,https://www.facebook.com/UbisoftSEA,UbisoftSEA
100002734132358,https://www.facebook.com/ho5866252,ho5866252
100002734132358,https://www.facebook.com/FunPicDiscovery,FunPicDiscovery
100002734132358,https://www.facebook.com/domics.me,domics.me
100002734132358,https://www.facebook.com/jackywuofficial,jackywuofficial
100002734132358,https://www.facebook.com/eelin.jqq,eelin.jqq
100002734132358,https://www.facebook.com/pages/%E6%B3%A2%E5%B8%83-POPU/459851827490275,459851827490275
100002734132358,https://www.facebook.com/PopDaliyMag,PopDaliyMag
100002734132358,https://www.facebook.com/KettleCornShake,KettleCornShake
100002734132358,https://www.facebook.com/dcard.tw,dcard.tw
100002734132358,https://www.facebook.com/mrhhh,mrhhh
100002734132358,https://www.facebook.com/eggthings,eggthings
100002734132358,https://www.facebook.com/BaiChiGongZhu,BaiChiGongZhu
100002734132358,https://www.facebook.com/B.S.S.P.20141002,B.S.S.P.20141002
100002734132358,https://www.facebook.com/lordchung,lordchung
100002734132358,https://www.facebook.com/yanxi531,yanxi531
100002734132358,https://www.facebook.com/MinMinHuangLoveLife,MinMinHuangLoveLife
100002734132358,https://www.facebook.com/hguuy,hguuy
100002734132358,https://www.facebook.com/LoveDewiChien,LoveDewiChien
100002734132358,https://www.facebook.com/roseman.hello,roseman.hello
100002734132358,https://www.facebook.com/danielshashasha,danielshashasha
100002734132358,https://www.facebook.com/DabeChen2013,DabeChen2013
100002734132358,https://www.facebook.com/MiddlePage,MiddlePage
100002734132358,https://www.facebook.com/YuLin1224alan99222,YuLin1224alan99222
100002734132358,https://www.facebook.com/GtripleXF2013,GtripleXF2013
100002734132358,https://www.facebook.com/RaveClub.tw,RaveClub.tw
100002734132358,https://www.facebook.com/Eddie0324,Eddie0324
100002734132358,https://www.facebook.com/CUBOXTAIPEI,CUBOXTAIPEI
100002734132358,https://www.facebook.com/LIAOCHERRY0229,LIAOCHERRY0229
100002734132358,https://www.facebook.com/shintaroReview,shintaroReview
100002734132358,https://www.facebook.com/pages/%E5%90%B3%E4%BA%9E%E9%A6%A8Maggie/139540959406826,139540959406826
100002734132358,https://www.facebook.com/blackiechen.lovelife4ever,blackiechen.lovelife4ever
100002734132358,https://www.facebook.com/PttTW,PttTW
100002734132358,https://www.facebook.com/XYYstyle,XYYstyle
100002734132358,https://www.facebook.com/lanlaneat,lanlaneat
100002734132358,https://www.facebook.com/EDDIE.Original,EDDIE.Original
100002734132358,https://www.facebook.com/puppypickles,puppypickles
100002734132358,https://www.facebook.com/ABCwithyou,ABCwithyou
100002734132358,https://www.facebook.com/pages/%E5%BE%88%E5%A5%BD%E6%88%91%E5%96%9C%E6%AD%A1/117499485066360,117499485066360
100002734132358,https://www.facebook.com/mensuno.taiwan,mensuno.taiwan
100002734132358,https://www.facebook.com/iamkingofcomics,iamkingofcomics
100002734132358,https://www.facebook.com/lessonsfrommovies,lessonsfrommovies
100002734132358,https://www.facebook.com/locker04283614,locker04283614
100002734132358,https://www.facebook.com/boommini,boommini
100002734132358,https://www.facebook.com/AlyssaClub,AlyssaClub
100002734132358,https://www.facebook.com/BruceFanPage,BruceFanPage
100002734132358,https://www.facebook.com/meetmyloveanimal,meetmyloveanimal
100002734132358,https://www.facebook.com/MissUndine,MissUndine
100002734132358,https://www.facebook.com/guitarcamp13,guitarcamp13
100002734132358,https://www.facebook.com/jbkkick2000,jbkkick2000
100002734132358,https://www.facebook.com/MOMOLINMOMOLIN,MOMOLINMOMOLIN
100002734132358,https://www.facebook.com/liwen0301,liwen0301
100002734132358,https://www.facebook.com/ciaociaorose,ciaociaorose
100002734132358,https://www.facebook.com/rehefun,rehefun
100002734132358,https://www.facebook.com/SoniaSuiOfficialFanPage,SoniaSuiOfficialFanPage
100002734132358,https://www.facebook.com/pages/%E6%BD%98%E7%8E%89%E5%87%B1/868238323194246,868238323194246
100002734132358,https://www.facebook.com/Kawasaki.Z800.Official,Kawasaki.Z800.Official
100002734132358,https://www.facebook.com/WuXinTi,WuXinTi
100002734132358,https://www.facebook.com/GekiumaYakitori,GekiumaYakitori
100002734132358,https://www.facebook.com/nataliewu.tw,nataliewu.tw
100002734132358,https://www.facebook.com/ltt365,ltt365
100002734132358,https://www.facebook.com/janethsiehonline,janethsiehonline
100002734132358,https://www.facebook.com/Kumanobou,Kumanobou
100002734132358,https://www.facebook.com/pages/%E9%84%AD%E8%A1%8D%E5%9F%BA%E9%98%BF%E5%9F%BA%E5%B8%AB/332501296761789,332501296761789
100002734132358,https://www.facebook.com/sonymobile,sonymobile
100002734132358,https://www.facebook.com/pages/%E9%99%B3%E6%84%8F%E6%B6%B5/192363600793507,192363600793507
100002734132358,https://www.facebook.com/sungyuhua,sungyuhua
100002734132358,https://www.facebook.com/pages/boMb01/329591000528836,329591000528836
100002734132358,https://www.facebook.com/soniafifipeach,soniafifipeach
100002734132358,https://www.facebook.com/forgetfulbc,forgetfulbc
100002734132358,https://www.facebook.com/duncanlindesign,duncanlindesign
100002734132358,https://www.facebook.com/star.star.02,star.star.02
100002734132358,https://www.facebook.com/howbegin2010,howbegin2010
100002734132358,https://www.facebook.com/ByeByeChuChu,ByeByeChuChu
100002734132358,https://www.facebook.com/cherngs.y,cherngs.y
100002734132358,https://www.facebook.com/free.travel,free.travel
100002734132358,https://www.facebook.com/pages/%E6%88%91%E8%A6%81%E4%BD%A0%E7%9A%84%E7%A5%9E%E5%9B%9E%E8%A6%86/218657901648595,218657901648595
100002734132358,https://www.facebook.com/TonerClothcomics,TonerClothcomics
100002734132358,https://www.facebook.com/HornyDragonTW,HornyDragonTW
100002734132358,https://www.facebook.com/people2,people2
100002734132358,https://www.facebook.com/Chaozhibai.havefun,Chaozhibai.havefun
100002734132358,https://www.facebook.com/pages/%E4%B9%9D%E6%8A%8A%E5%88%80/122355981186846,122355981186846
100002734132358,https://www.facebook.com/ke.zhendong,ke.zhendong
100002734132358,https://www.facebook.com/SanphyJoker,SanphyJoker
100002734132358,https://www.facebook.com/laughtummy,laughtummy
100002734132358,https://www.facebook.com/CutiesCatClub,CutiesCatClub
100002734132358,https://www.facebook.com/pages/%E6%98%8E%E5%8F%B0%E6%B8%A1%E5%81%87%E6%9D%91/257063131050448,257063131050448
100002734132358,https://www.facebook.com/LAICHIFANS,LAICHIFANS
100002734132358,https://www.facebook.com/GameSmash,GameSmash
100002734132358,https://www.facebook.com/MobilePic,MobilePic
100002734132358,https://www.facebook.com/AndroidFreeGame,AndroidFreeGame
100002734132358,https://www.facebook.com/EzNewLife,EzNewLife
100002734132358,https://www.facebook.com/FunnyPicCollection,FunnyPicCollection
100002734132358,https://www.facebook.com/free.ios.game,free.ios.game
100002734132358,https://www.facebook.com/pages/%E6%92%BF%E4%BE%BF%E5%AE%9C%E6%84%9B%E7%89%B9%E8%B3%A3/159872247463732,159872247463732
100002734132358,https://www.facebook.com/SuperFunPic,SuperFunPic
100002734132358,https://www.facebook.com/S.Activity.Center,S.Activity.Center
100002734132358,https://www.facebook.com/LaughingMoment,LaughingMoment
100002734132358,https://www.facebook.com/pages/%E9%87%91%E7%89%9B%E5%BA%A7%E7%89%A9%E8%AA%9E/161925253922612,161925253922612
100002734132358,https://www.facebook.com/b.g.style,b.g.style
100002734132358,https://www.facebook.com/MrMovie.TW,MrMovie.TW
100007518403818,https://www.facebook.com/ashin555,ashin555
100007518403818,https://www.facebook.com/jjfederation,jjfederation
100007518403818,https://www.facebook.com/band831tw,band831tw
100007518403818,https://www.facebook.com/imayday555,imayday555
100007518403818,https://www.facebook.com/Touchtengames,Touchtengames
100007518403818,https://www.facebook.com/onelifestory,onelifestory
100007518403818,https://www.facebook.com/www.minecraft.com.tw,www.minecraft.com.tw
100008838301465,https://www.facebook.com/MaydayMing728,MaydayMing728
100008838301465,https://www.facebook.com/pages/Mayday-%E4%BA%94%E6%9C%88%E5%A4%A9/139153006117990,139153006117990
100008838301465,https://www.facebook.com/ashin555,ashin555
100008838301465,https://www.facebook.com/ibinmusic,ibinmusic
100008838301465,https://www.facebook.com/HanksDiary,HanksDiary
100008838301465,https://www.facebook.com/2014secondchance,2014secondchance
100008838301465,https://www.facebook.com/Abovetai,Abovetai
100008838301465,https://www.facebook.com/ELTATV,ELTATV
100008838301465,https://www.facebook.com/oppirates,oppirates
100008838301465,https://www.facebook.com/ChannelNewsAsiaSingapore,ChannelNewsAsiaSingapore
100008838301465,https://www.facebook.com/businessinsider,businessinsider
100008838301465,https://www.facebook.com/FastCompany,FastCompany
100008838301465,https://www.facebook.com/monster531,monster531
100008838301465,https://www.facebook.com/maydayfenderstone,maydayfenderstone
100008838301465,https://www.facebook.com/WithGaLoveTaiwan,WithGaLoveTaiwan
100008838301465,https://www.facebook.com/nakachou,nakachou
100008838301465,https://www.facebook.com/binliveconcert,binliveconcert
100008838301465,https://www.facebook.com/hbrtaiwan,hbrtaiwan
100008838301465,https://www.facebook.com/emmawatson,emmawatson
100008838301465,https://www.facebook.com/caikangyong,caikangyong
100008838301465,https://www.facebook.com/Eddie0324,Eddie0324
100008838301465,https://www.facebook.com/FangWenShan,FangWenShan
100008838301465,https://www.facebook.com/janethsiehonline,janethsiehonline
100008838301465,https://www.facebook.com/free.travel,free.travel
100008838301465,https://www.facebook.com/duncanlindesign,duncanlindesign
100008838301465,https://www.facebook.com/teepr,teepr
100008838301465,https://www.facebook.com/TheLovelyWorld,TheLovelyWorld
100008838301465,https://www.facebook.com/ElsainSG,ElsainSG
100008838301465,https://www.facebook.com/cmpublishing,cmpublishing
100008838301465,https://www.facebook.com/theparisflaneur,theparisflaneur
100008838301465,https://www.facebook.com/gnpc66,gnpc66
100008838301465,https://www.facebook.com/NTUCareerCenter,NTUCareerCenter
100008838301465,https://www.facebook.com/artntu,artntu
100008838301465,https://www.facebook.com/NTU.LEC,NTU.LEC
100008838301465,https://www.facebook.com/tum.asia,tum.asia
100008838301465,https://www.facebook.com/kpmeter,kpmeter
100008838301465,https://www.facebook.com/sg2015,sg2015
100008838301465,https://www.facebook.com/MySingaporeLah,MySingaporeLah
100008838301465,https://www.facebook.com/TED,TED
100008838301465,https://www.facebook.com/iwatasyoten,iwatasyoten
100008838301465,https://www.facebook.com/michellechongrocks,michellechongrocks
100008838301465,https://www.facebook.com/ayearofbooks,ayearofbooks
100008838301465,https://www.facebook.com/washingtonpost,washingtonpost
100008838301465,https://www.facebook.com/TheStraitsTimes,TheStraitsTimes
100008838301465,https://www.facebook.com/TELEGRAPH.CO.UK,TELEGRAPH.CO.UK
100008838301465,https://www.facebook.com/TheIndependentOnline,TheIndependentOnline
100008838301465,https://www.facebook.com/nytimes,nytimes
100008838301465,https://www.facebook.com/DTS.Inc,DTS.Inc
100008838301465,https://www.facebook.com/pages/%E8%B6%85%E7%B4%9A%E5%AF%8C%E6%9C%89%E5%B9%B8%E7%A6%8F%E7%9A%84%E4%B8%8D%E8%89%AF%E5%AA%BD%E5%AA%BDAntonia-Wang%E5%90%8C%E5%A5%BD%E6%9C%83/165197450166908,165197450166908
100008838301465,https://www.facebook.com/natgeoeducation,natgeoeducation
100008838301465,https://www.facebook.com/NatGeoBooks,NatGeoBooks
100008838301465,https://www.facebook.com/pages/%E6%9D%BE%E6%B5%A6%E5%BD%8C%E5%A4%AA%E9%83%8E%E5%9F%BA%E6%9C%AC%E7%90%86%E5%BF%B5%E8%88%87%E5%AF%A6%E8%B8%90/726697897423067,726697897423067
100008838301465,https://www.facebook.com/isayao.paris,isayao.paris
100008838301465,https://www.facebook.com/JiaJiaMyLove,JiaJiaMyLove
100008838301465,https://www.facebook.com/Rene0601,Rene0601
100008838301465,https://www.facebook.com/pages/%E7%8E%8B%E9%81%93%E4%B8%80-Joseph-Tao-yi-Wang/128734373872130,128734373872130
100008838301465,https://www.facebook.com/pages/%E5%8F%B0%E5%A4%A7%E6%95%99%E6%8E%88%E5%AD%AB%E4%B8%AD%E8%88%88/436532939742780,436532939742780
100008838301465,https://www.facebook.com/theoatmeal,theoatmeal
100008838301465,https://www.facebook.com/pages/%E5%B0%8F%E6%98%8E/150951784986932,150951784986932
100008838301465,https://www.facebook.com/TEDxEMLYON,TEDxEMLYON
100008838301465,https://www.facebook.com/useMyoops,useMyoops
100008838301465,https://www.facebook.com/pages/%E5%BE%90%E8%AD%BD%E5%BA%AD/260883550646155,260883550646155
100008838301465,https://www.facebook.com/TEDxTaipei,TEDxTaipei
100008838301465,https://www.facebook.com/TAAZE,TAAZE
100008838301465,https://www.facebook.com/Careher,Careher
100008838301465,https://www.facebook.com/ETtodaySTAR,ETtodaySTAR
100008838301465,https://www.facebook.com/ETtoday,ETtoday
100008838301465,https://www.facebook.com/aliceswonderland.com.tw,aliceswonderland.com.tw
100008838301465,https://www.facebook.com/realsimple,realsimple
100008838301465,https://www.facebook.com/newscientist,newscientist
100008838301465,https://www.facebook.com/MindBodyGreen,MindBodyGreen
100008838301465,https://www.facebook.com/BBCTravel,BBCTravel
100008838301465,https://www.facebook.com/nytimestravel,nytimestravel
100008838301465,https://www.facebook.com/time,time
100008838301465,https://www.facebook.com/theguardian,theguardian
100008838301465,https://www.facebook.com/BToday,BToday
100008838301465,https://www.facebook.com/ntuspotlighttw,ntuspotlighttw
100008838301465,https://www.facebook.com/ieatishootipost,ieatishootipost
100008838301465,https://www.facebook.com/psychologytoday,psychologytoday
100008838301465,https://www.facebook.com/Psychologiesmagazine,Psychologiesmagazine
100008838301465,https://www.facebook.com/SUCCESSmagazine,SUCCESSmagazine
100008838301465,https://www.facebook.com/ilovedoodle,ilovedoodle
100008838301465,https://www.facebook.com/Japanpub,Japanpub
100008838301465,https://www.facebook.com/bookzone.fans,bookzone.fans
100008838301465,https://www.facebook.com/iNPUTmusicTW,iNPUTmusicTW
100008838301465,https://www.facebook.com/pages/Offline-Cafe-%E9%9B%A2%E7%B7%9A%E5%92%96%E5%95%A1-%E8%8F%AF%E5%B1%B1%E8%97%9D%E6%96%87%E7%89%B9%E5%8D%80%E7%B4%85%E7%A3%9A%E5%8D%80%E8%A5%BF7%E4%B9%8B1/171602049700428,171602049700428
100008838301465,https://www.facebook.com/leehsienloong,leehsienloong
100008838301465,https://www.facebook.com/travelyam,travelyam
100008838301465,https://www.facebook.com/goodlittleday,goodlittleday
100008838301465,https://www.facebook.com/pages/%E9%84%AD%E8%A1%8D%E5%9F%BA%E9%98%BF%E5%9F%BA%E5%B8%AB/332501296761789,332501296761789
100008838301465,https://www.facebook.com/AsapSCIENCE,AsapSCIENCE
100008838301465,https://www.facebook.com/Dailyinspirationandmotivation,Dailyinspirationandmotivation
100008838301465,https://www.facebook.com/OldEnglishLiterature,OldEnglishLiterature
100008838301465,https://www.facebook.com/masa.abc,masa.abc
100008838301465,https://www.facebook.com/SIAOHONG,SIAOHONG
100008838301465,https://www.facebook.com/LondonReviewOfBooks,LondonReviewOfBooks
100008838301465,https://www.facebook.com/worldlittoday,worldlittoday
100008838301465,https://www.facebook.com/HayaoInMyWords,HayaoInMyWords
100008838301465,https://www.facebook.com/InMyWordz,InMyWordz
100008838301465,https://www.facebook.com/lessonsfrommovies,lessonsfrommovies
100008838301465,https://www.facebook.com/brainpickings.mariapopova,brainpickings.mariapopova
100008838301465,https://www.facebook.com/IFeakingLoveScience,IFeakingLoveScience
100008838301465,https://www.facebook.com/ntuprs,ntuprs
100008838301465,https://www.facebook.com/cherngs.y,cherngs.y
100008838301465,https://www.facebook.com/NGM,NGM
100008838301465,https://www.facebook.com/natgeo,natgeo
100008838301465,https://www.facebook.com/billypan102,billypan102
100008838301465,https://www.facebook.com/wunienjen,wunienjen
100008838301465,https://www.facebook.com/i.am.xuan.liu,i.am.xuan.liu
100008838301465,https://www.facebook.com/humansoftw,humansoftw
100008838301465,https://www.facebook.com/pages/Humans-of-Taipei/274465946045876,274465946045876
100008838301465,https://www.facebook.com/HOPAIP,HOPAIP
100008838301465,https://www.facebook.com/newyorker,newyorker
100008838301465,https://www.facebook.com/humansofnewyork,humansofnewyork
100008838301465,https://www.facebook.com/HBR,HBR
100008838301465,https://www.facebook.com/TheEconomist,TheEconomist
100008838301465,https://www.facebook.com/Inc,Inc
100008838301465,https://www.facebook.com/pages/Rui-En/5999999587,5999999587
100008838301465,https://www.facebook.com/fannwong2701,fannwong2701
100008838301465,https://www.facebook.com/ZoeTayFanClub,ZoeTayFanClub
100008838301465,https://www.facebook.com/pages/%E5%B0%8FS/1509106909358665,1509106909358665
100008838301465,https://www.facebook.com/pages/%E9%99%B3%E7%8E%89%E5%8B%B3/1425934477660687,1425934477660687
100008838301465,https://www.facebook.com/mrhhh,mrhhh
100008838301465,https://www.facebook.com/pages/%E4%BA%94%E6%9C%88%E5%A4%A9-%E7%91%AA%E8%8E%8E/199829546752158,199829546752158
100008838301465,https://www.facebook.com/pages/%E4%B9%9D%E6%8A%8A%E5%88%80/122355981186846,122355981186846
100008838301465,https://www.facebook.com/HaoXiaoZong,HaoXiaoZong
100008838301465,https://www.facebook.com/hk.nextmedia,hk.nextmedia
100008838301465,https://www.facebook.com/nexttw,nexttw
100008838301465,https://www.facebook.com/appledaily.tw,appledaily.tw
