100001198809865,Chayoot Preemdee,https://www.facebook.com/chayoot.preemdee
100004281701566,陳昱景,https://www.facebook.com/profile.php?id=100004281701566
100003248964973,賴逸昊,https://www.facebook.com/profile.php?id=100003248964973
100001419532674,陳立燁,https://www.facebook.com/profile.php?id=100001419532674
100004854877910,Aric Bong,https://www.facebook.com/bong.aric
100001670304075,洪宸皓,https://www.facebook.com/profile.php?id=100001670304075
1257096509,Johnny Liew,https://www.facebook.com/johnny.liew1
100005524328543,康佳錚,https://www.facebook.com/profile.php?id=100005524328543
100004984722519,潘昱瑄,https://www.facebook.com/profile.php?id=100004984722519
100001898742240,沈延澤,https://www.facebook.com/profile.php?id=100001898742240
100001223619320,沙西米,https://www.facebook.com/fan.z.yu.5
100006532577401,周品均,https://www.facebook.com/profile.php?id=100006532577401
100002090139791,田如彬,https://www.facebook.com/rubbieping
100006037716464,黃惠琪,https://www.facebook.com/profile.php?id=100006037716464
100007127491122,羿識,https://www.facebook.com/Yi.Yu.ChenEXO
100002521391125,Xu Sian Lee,https://www.facebook.com/xusian.lee
100001590448273,王怡晶,https://www.facebook.com/profile.php?id=100001590448273
1144151596,林家薇,https://www.facebook.com/pqrst351
100002554102056,陳永勝,https://www.facebook.com/profile.php?id=100002554102056
100006412656455,張振富,https://www.facebook.com/profile.php?id=100006412656455
100000583514560,郭鎧霖,https://www.facebook.com/profile.php?id=100000583514560
100002139970542,Ting Wei Lee,https://www.facebook.com/tiwen.lee
100007096208489,李欣柔,https://www.facebook.com/profile.php?id=100007096208489
100004309963337,王鑠,https://www.facebook.com/profile.php?id=100004309963337
100006924427357,劉國鑫,https://www.facebook.com/profile.php?id=100006924427357
100003295635585,陳彥碩,https://www.facebook.com/profile.php?id=100003295635585
100003855771820,Chi Ji Mei,https://www.facebook.com/jimei.chi
100002828224344,歐芓廷,https://www.facebook.com/profile.php?id=100002828224344
100002184688719,王梓穎,https://www.facebook.com/profile.php?id=100002184688719
100003200798177,郭子敬,https://www.facebook.com/profile.php?id=100003200798177
100004031686836,廖文瑛,https://www.facebook.com/profile.php?id=100004031686836
100006107744518,駱紹綮,https://www.facebook.com/mca.seiji
100000102595558,Syaun Lin,https://www.facebook.com/syaun.lin
100001909265790,沈明鴻,https://www.facebook.com/profile.php?id=100001909265790
100006561100185,呂兆平,https://www.facebook.com/profile.php?id=100006561100185
100002665285967,張榕真,https://www.facebook.com/profile.php?id=100002665285967
100004895794512,張麗貞,https://www.facebook.com/profile.php?id=100004895794512
100005638000420,愛晨翔,https://www.facebook.com/profile.php?id=100005638000420
100003483399521,羅唯榕,https://www.facebook.com/profile.php?id=100003483399521
100005876463293,高文萓,https://www.facebook.com/profile.php?id=100005876463293
100007086852229,Judy Chen,https://www.facebook.com/profile.php?id=100007086852229
100005310006147,蘇秦,https://www.facebook.com/profile.php?id=100005310006147
100007075387878,乖乖.,https://www.facebook.com/profile.php?id=100007075387878
100003154775879,鄭偉辰,https://www.facebook.com/profile.php?id=100003154775879
100000444034304,吳小布,https://www.facebook.com/ryanarodwu
100003143319766,儍孩子,https://www.facebook.com/ya.hoo.353
100003111238825,Jason  Lin,https://www.facebook.com/profile.php?id=100003111238825
1050926200,陳彥安,https://www.facebook.com/0919935461a168x168
536709641,Katy Liu,https://www.facebook.com/katyliu0915
100004097173863,方怡惠,https://www.facebook.com/profile.php?id=100004097173863
500062313,Ethan Tony Chien,https://www.facebook.com/ethan.tony.chien
100003852872799,蔡佳晉,https://www.facebook.com/profile.php?id=100003852872799
100004659517003,郭庭妤,https://www.facebook.com/profile.php?id=100004659517003
100002231808198,陳致侑,https://www.facebook.com/profile.php?id=100002231808198
100000105337984,Gm Lin,https://www.facebook.com/gm.lin.39
100002878969674,李俊霖,https://www.facebook.com/profile.php?id=100002878969674
100005127157034,鄧豈曄,https://www.facebook.com/cshie.tw
100004993510761,許明蕙,https://www.facebook.com/profile.php?id=100004993510761
100005117521123,許雅錦,https://www.facebook.com/profile.php?id=100005117521123
100004265701996,李采容,https://www.facebook.com/profile.php?id=100004265701996
100002296059588,王易慈,https://www.facebook.com/profile.php?id=100002296059588
100002763233542,蔡庚叡,https://www.facebook.com/kelly.tsai.5855
100000655874492,Ma Manda,https://www.facebook.com/ma.manda.9
100007222865735,浚誠兒,https://www.facebook.com/profile.php?id=100007222865735
100003719347396,陳誼駿,https://www.facebook.com/profile.php?id=100003719347396
100004408924585,王維崙,https://www.facebook.com/profile.php?id=100004408924585
100007251849151,吳逸芙,https://www.facebook.com/profile.php?id=100007251849151
100007178466276,蔡姵莙,https://www.facebook.com/profile.php?id=100007178466276
100002349125580,溫唐萱,https://www.facebook.com/profile.php?id=100002349125580
100003006922376,吳欣璇,https://www.facebook.com/profile.php?id=100003006922376
100003894139734,許歆婕,https://www.facebook.com/profile.php?id=100003894139734
100000477350510,李戳戳,https://www.facebook.com/bei.er.37
100004722215019,吳珮僖,https://www.facebook.com/profile.php?id=100004722215019
100001349057657,Jimmy OU,https://www.facebook.com/qi.si.7370
100003192699023,海洛因,https://www.facebook.com/profile.php?id=100003192699023
100001016831036,黃喬,https://www.facebook.com/huang.qiao.520
100007234093889,喬喬.,https://www.facebook.com/profile.php?id=100007234093889
100003097114958,賴孟詮,https://www.facebook.com/profile.php?id=100003097114958
100007276273486,施妹子,https://www.facebook.com/profile.php?id=100007276273486
100000237097266,蔡昊勳,https://www.facebook.com/profile.php?id=100000237097266
100000796262300,李文崴,https://www.facebook.com/li.wai.3939
100004417626903,BeeYin  Tan,https://www.facebook.com/byt0104
100006800443785,李欣庭,https://www.facebook.com/profile.php?id=100006800443785
100003376175040,彭秉洋,https://www.facebook.com/profile.php?id=100003376175040
100002088720067,王紫玲,https://www.facebook.com/profile.php?id=100002088720067
100001564630382,許筌壹,https://www.facebook.com/profile.php?id=100001564630382
100001655332795,Megan Lee,https://www.facebook.com/magan60623
100000356559926,何怡珊,https://www.facebook.com/profile.php?id=100000356559926
100000511148399,許源哲,https://www.facebook.com/profile.php?id=100000511148399
100002307693552,童銓,https://www.facebook.com/profile.php?id=100002307693552
100003926698080,李偲綺,https://www.facebook.com/profile.php?id=100003926698080
100000045189538,周毓琪,https://www.facebook.com/profile.php?id=100000045189538
100002349022073,Penny Tham,https://www.facebook.com/meiyee.tham.1
100002284025016,余芊緹,https://www.facebook.com/profile.php?id=100002284025016
100000183024364,周蟲蟲,https://www.facebook.com/profile.php?id=100000183024364
100007303927994,趙倚萱,https://www.facebook.com/profile.php?id=100007303927994
100003876765243,林晤揮,https://www.facebook.com/profile.php?id=100003876765243
100000720787838,Fish Small,https://www.facebook.com/fish.small.395
100003184412086,張瀞心,https://www.facebook.com/profile.php?id=100003184412086
100006822060105,愛自由,https://www.facebook.com/profile.php?id=100006822060105
100000288651170,張晉豪,https://www.facebook.com/profile.php?id=100000288651170
100002709578282,黃偉哲,https://www.facebook.com/profile.php?id=100002709578282
100000206424484,蔡維哲,https://www.facebook.com/profile.php?id=100000206424484
100002383633628,金愛盛,https://www.facebook.com/cherry810808
100000356822092,李昆陽,https://www.facebook.com/kunyangl
100000242959683,Henry Liu,https://www.facebook.com/shunfa.liu
100001053291950,許雅堂,https://www.facebook.com/profile.php?id=100001053291950
100004933994372,林丯懋,https://www.facebook.com/profile.php?id=100004933994372
100006461022828,曾家宏,https://www.facebook.com/profile.php?id=100006461022828
100004093463736,黃涵暄,https://www.facebook.com/a3733593
100001457384612,何沁頤,https://www.facebook.com/bei.bi.988
100001638041930,暖陽光,https://www.facebook.com/snnup0703
100000233706518,蔡舜宇,https://www.facebook.com/profile.php?id=100000233706518
100002553663827,於栗子,https://www.facebook.com/profile.php?id=100002553663827
100004042796338,陳平逸,https://www.facebook.com/profile.php?id=100004042796338
100003591386141,劉玟宜,https://www.facebook.com/profile.php?id=100003591386141
100000146256136,何志強,https://www.facebook.com/profile.php?id=100000146256136
100000284306517,吳聲威,https://www.facebook.com/shengwei.wu2
100004071532976,高宗郁,https://www.facebook.com/kaofaeioun
100004931016342,鄭耘境,https://www.facebook.com/profile.php?id=100004931016342
100001712390751,溫育晟,https://www.facebook.com/profile.php?id=100001712390751
100005839233624,黃奕軒,https://www.facebook.com/profile.php?id=100005839233624
100002463525566,許願吧,https://www.facebook.com/chenci.xu
100000481431352,簡棠棠,https://www.facebook.com/profile.php?id=100000481431352
100006496152081,林揚策,https://www.facebook.com/profile.php?id=100006496152081
100002058673449,Chit James,https://www.facebook.com/chit.james
100003721367312,劉伶伶,https://www.facebook.com/profile.php?id=100003721367312
100002564007784,曾健豪,https://www.facebook.com/agc.cobra
100001281700762,Amanda Wang,https://www.facebook.com/wang.amanda.5
100001910475437,林敬芳,https://www.facebook.com/profile.php?id=100001910475437
1247552135,Louis Chung,https://www.facebook.com/louis.chung3
100006066913051,張浩偉,https://www.facebook.com/shun.wing.54
100004921213721,柯方喻,https://www.facebook.com/profile.php?id=100004921213721
100003963067403,蔡唐仲,https://www.facebook.com/profile.php?id=100003963067403
100002643231665,陳孟筑,https://www.facebook.com/judy.chen.7773631
100007348443698,陳鈺琳,https://www.facebook.com/profile.php?id=100007348443698
100000396180098,蔡博陽,https://www.facebook.com/profile.php?id=100000396180098
100001582831641,曹允柔,https://www.facebook.com/profile.php?id=100001582831641
100006622350829,王姵勻,https://www.facebook.com/profile.php?id=100006622350829
100005555323228,彭彭.,https://www.facebook.com/profile.php?id=100005555323228
100003825769360,彭佩佩,https://www.facebook.com/profile.php?id=100003825769360
100000104695727,林郁綺,https://www.facebook.com/qi.qi.1291
100001260519261,黃志鴻,https://www.facebook.com/shen.che2
100006308231115,賴宗彥,https://www.facebook.com/profile.php?id=100006308231115
100002135044347,林靜容,https://www.facebook.com/profile.php?id=100002135044347
100001413242661,Mark Twainy,https://www.facebook.com/mark.twainy.5
100006807482034,顏仲昕,https://www.facebook.com/profile.php?id=100006807482034
100002429540775,何啟霆,https://www.facebook.com/profile.php?id=100002429540775
100002355859952,Phoo Myat Thant Zin,https://www.facebook.com/ilovesmtownbrittney2001
100001907969093,韓浩程,https://www.facebook.com/profile.php?id=100001907969093
100003968405325,周冠宇,https://www.facebook.com/profile.php?id=100003968405325
100002722511766,葉以庭,https://www.facebook.com/profile.php?id=100002722511766
100000171233380,楊鈞凱,https://www.facebook.com/abandoner713
100004733040775,施玟岑,https://www.facebook.com/profile.php?id=100004733040775
100001245141302,麻吉熊,https://www.facebook.com/hen.d.ma.5
100006923890324,林巧楹,https://www.facebook.com/profile.php?id=100006923890324
100007188342026,陳沿秀,https://www.facebook.com/profile.php?id=100007188342026
100007181614492,鍾國瑜,https://www.facebook.com/profile.php?id=100007181614492
100007326844849,藍天祐,https://www.facebook.com/profile.php?id=100007326844849
100004748042490,池秉豐,https://www.facebook.com/LOE1TIY
100006421293605,陳柏螢,https://www.facebook.com/profile.php?id=100006421293605
100000370773171,黃智杰,https://www.facebook.com/wswsc55662266
100006033245428,陳郁婷,https://www.facebook.com/profile.php?id=100006033245428
100006476956606,伊拉,https://www.facebook.com/profile.php?id=100006476956606
100003311962446,顏安安,https://www.facebook.com/profile.php?id=100003311962446
100001787761626,許哲瑋,https://www.facebook.com/profile.php?id=100001787761626
100002337403163,劉姿宜,https://www.facebook.com/profile.php?id=100002337403163
100000754159608,陳瑋彤,https://www.facebook.com/profile.php?id=100000754159608
100000661118971,柯沁榆,https://www.facebook.com/profile.php?id=100000661118971
100003898326553,陳凱萱,https://www.facebook.com/profile.php?id=100003898326553
100007272094907,Janis Jan,https://www.facebook.com/profile.php?id=100007272094907
100004440510540,吳齊軒,https://www.facebook.com/profile.php?id=100004440510540
100002516634312,駱慧芸,https://www.facebook.com/profile.php?id=100002516634312
100002638753056,陳建立,https://www.facebook.com/profile.php?id=100002638753056
100006559626305,黄祈晴,https://www.facebook.com/xiaojie.wong.52
100000263645319,吳郁婕,https://www.facebook.com/ann.wu.9862
100002959267116,胡智涵,https://www.facebook.com/hanshing.hu
100006082985779,潘敏寧,https://www.facebook.com/profile.php?id=100006082985779
100007256324595,Kiuy  Zsnh,https://www.facebook.com/kiuy.zsnh
100000223794759,雅燕,https://www.facebook.com/ya.yan.188
100002007495826,鄭彥仕,https://www.facebook.com/profile.php?id=100002007495826
100007302219443,林家佳,https://www.facebook.com/profile.php?id=100007302219443
100001999981378,孟俊華,https://www.facebook.com/profile.php?id=100001999981378
100007169647797,蘇盛緯,https://www.facebook.com/profile.php?id=100007169647797
100004183230546,花花,https://www.facebook.com/marie.huahua
100006828492453,侑璉夫斯基,https://www.facebook.com/profile.php?id=100006828492453
100003114995006,沈采儀,https://www.facebook.com/profile.php?id=100003114995006
100006763211273,許進福,https://www.facebook.com/profile.php?id=100006763211273
100002752522380,陳品蓁,https://www.facebook.com/profile.php?id=100002752522380
100007017396322,簡辛苦,https://www.facebook.com/profile.php?id=100007017396322
100004140511575,陳偉威,https://www.facebook.com/profile.php?id=100004140511575
100006923522553,黃芷庭,https://www.facebook.com/profile.php?id=100006923522553
100000792109402,Chee Yon Gdc,https://www.facebook.com/profile.php?id=100000792109402
100000367382765,林冠群,https://www.facebook.com/profile.php?id=100000367382765
100004141274332,溫宥媛,https://www.facebook.com/profile.php?id=100004141274332
100005262458600,蕭誌成,https://www.facebook.com/profile.php?id=100005262458600
100000391628883,鄭鈺璇,https://www.facebook.com/zheng.y.xuan.9
100002490135773,鄭嘉豪,https://www.facebook.com/profile.php?id=100002490135773
100000981215469,高嘉蔚,https://www.facebook.com/jiaweig3
100000341114780,賈美寶,https://www.facebook.com/profile.php?id=100000341114780
100000331392589,王苡熙,https://www.facebook.com/profile.php?id=100000331392589
100004577772342,蘇佩佩,https://www.facebook.com/ipfkeeyujh
100000203521511,Angel Yuen,https://www.facebook.com/angelyuen313
100000121234389,林建安,https://www.facebook.com/profile.php?id=100000121234389
100003148707499,周冠毅,https://www.facebook.com/profile.php?id=100003148707499
100001814749108,陳育鈞,https://www.facebook.com/hsnu0317
100000285548928,X-h Huang,https://www.facebook.com/xianghan.huang
100007293155312,高德祥,https://www.facebook.com/profile.php?id=100007293155312
100003589024449,錒甜,https://www.facebook.com/profile.php?id=100003589024449
100003980119561,李章極,https://www.facebook.com/profile.php?id=100003980119561
100000282532829,Betty Hsieh,https://www.facebook.com/betty.hsieh.520
100000568392997,賴瑄憶,https://www.facebook.com/profile.php?id=100000568392997
100000466385165,Kevin Yeh,https://www.facebook.com/kevin.yeh.9889
100006274811352,Juan  Lo,https://www.facebook.com/juan.lo.161
100007263943485,Jerry Nick,https://www.facebook.com/nick.jerry.54540
100007175864006,桃井 エット,https://www.facebook.com/profile.php?id=100007175864006
100004047798324,耿秉瓏,https://www.facebook.com/profile.php?id=100004047798324
100000208131099,Tsung Huan Yeh,https://www.facebook.com/profile.php?id=100000208131099
100000689314184,吳禮安,https://www.facebook.com/goodensherlock
100000138366176,許竣堯,https://www.facebook.com/xiao.hen.37
100006737165175,陳孝義,https://www.facebook.com/profile.php?id=100006737165175
100007217135777,Traitorous Feather,https://www.facebook.com/profile.php?id=100007217135777
100004466499868,廖本瑜,https://www.facebook.com/profile.php?id=100004466499868
100003577432931,孫明揚,https://www.facebook.com/profile.php?id=100003577432931
100007018411051,巴俐雯,https://www.facebook.com/profile.php?id=100007018411051
100001932235777,Packy Suliyavongsa,https://www.facebook.com/packy.suliyavongsa
100001507232435,邱芷芸,https://www.facebook.com/profile.php?id=100001507232435
100000139947372,林薏禎,https://www.facebook.com/jenny.lin.1650
100007257158063,彭俊偉,https://www.facebook.com/profile.php?id=100007257158063
100004840002044,王土豆,https://www.facebook.com/profile.php?id=100004840002044
100000549474658,Chun Lam Shen,https://www.facebook.com/chunlam.shen
100001340855216,Kaho Tang,https://www.facebook.com/HH.Double.HH
100000101108486,James Yu,https://www.facebook.com/m11155
100002211917574,吳富祥,https://www.facebook.com/fusiang.wu
100007332124653,卓琮祐,https://www.facebook.com/profile.php?id=100007332124653
100002590277126,周香兒,https://www.facebook.com/xiang.r.543
100004344151607,王凱威,https://www.facebook.com/profile.php?id=100004344151607
100002734043403,吳品宏,https://www.facebook.com/profile.php?id=100002734043403
100000093903613,Neil Chen,https://www.facebook.com/neilchen1985
100000237188647,李冠儒,https://www.facebook.com/pep2298614
100006434902613,楊忠達,https://www.facebook.com/profile.php?id=100006434902613
100005812871878,元山,https://www.facebook.com/profile.php?id=100005812871878
100001449064044,Meng-ting Chang,https://www.facebook.com/profile.php?id=100001449064044
100003761660055,超在乎,https://www.facebook.com/profile.php?id=100003761660055
100006765792517,Cora Lee,https://www.facebook.com/chifang.li.5
100000357121227,陳建宇,https://www.facebook.com/JanDaYuChen
100002837022237,吳定剛,https://www.facebook.com/profile.php?id=100002837022237
100002496108925,范皓涵,https://www.facebook.com/profile.php?id=100002496108925
100003477338239,王則元,https://www.facebook.com/profile.php?id=100003477338239
100002334050368,陳柏靜,https://www.facebook.com/profile.php?id=100002334050368
100006882036898,石億元,https://www.facebook.com/profile.php?id=100006882036898
100000406156976,Yi-Wen Lin,https://www.facebook.com/yiwen.lin.3152
100003235159124,謝米漿,https://www.facebook.com/profile.php?id=100003235159124
100003270530083,蘇亭芸,https://www.facebook.com/profile.php?id=100003270530083
100002470661059,劉宣懋,https://www.facebook.com/profile.php?id=100002470661059
100000596041295,高培真,https://www.facebook.com/spgtb
100000316788375,洪承謙,https://www.facebook.com/abc85472006
100001641970187,Kai Hu,https://www.facebook.com/profile.php?id=100001641970187
100005569213132,黃欣曄,https://www.facebook.com/profile.php?id=100005569213132
100003286552101,蔡庭裕,https://www.facebook.com/profile.php?id=100003286552101
100000265798386,陳柏睿,https://www.facebook.com/profile.php?id=100000265798386
100003819330899,Ngo Sun,https://www.facebook.com/ngo.sun.3
100003070525698,Anny Teong,https://www.facebook.com/anny.teong
100005356052752,Ming Fang Chen,https://www.facebook.com/profile.php?id=100005356052752
100004463534021,黃建華,https://www.facebook.com/profile.php?id=100004463534021
100001279609402,玉琳,https://www.facebook.com/profile.php?id=100001279609402
100001672150925,馮春安,https://www.facebook.com/profile.php?id=100001672150925
100000225081539,Lyu Liang,https://www.facebook.com/lyu.liang.3
100002241920299,鄭珮婷,https://www.facebook.com/pzheng3
100006478470715,Tay SK,https://www.facebook.com/tay.sk.10
100000123828897,Wei Chiao,https://www.facebook.com/wei.chiao.w
100000842615423,張竣善,https://www.facebook.com/wang.zi.1069020
100007302576394,陳冠廷,https://www.facebook.com/profile.php?id=100007302576394
100002632320049,王冠宇,https://www.facebook.com/steven88050387
100005461840036,楊美香,https://www.facebook.com/profile.php?id=100005461840036
100000071863237,朱昭誠,https://www.facebook.com/soiipopoalan
100007306741987,陳宏哲,https://www.facebook.com/profile.php?id=100007306741987
100000492025958,獅子丸,https://www.facebook.com/profile.php?id=100000492025958
100003776376962,李采姿,https://www.facebook.com/profile.php?id=100003776376962
100000419728210,金可亞,https://www.facebook.com/llikecoco
100004436642709,Kah Yee,https://www.facebook.com/profile.php?id=100004436642709
100000591781327,趙千緯,https://www.facebook.com/profile.php?id=100000591781327
100000236569829,養樂多,https://www.facebook.com/yang.duo.963
100003523731854,韓瑀璇,https://www.facebook.com/profile.php?id=100003523731854
100000109579943,林龍,https://www.facebook.com/adseop
100004109952919,張湘郁,https://www.facebook.com/profile.php?id=100004109952919
1310170092,李筱鈞,https://www.facebook.com/monicalee0203
100000124316223,熊巧姿,https://www.facebook.com/profile.php?id=100000124316223
100002863388810,Stella Tsai,https://www.facebook.com/wei.wei.5680
100004103093741,顏志生,https://www.facebook.com/profile.php?id=100004103093741
100001443017474,Lee Ru Yii,https://www.facebook.com/ruruyii.lee.77582
100007117362265,林俊逸,https://www.facebook.com/profile.php?id=100007117362265
100003844011346,陳宜霞,https://www.facebook.com/profile.php?id=100003844011346
100003676547676,楊佩穎,https://www.facebook.com/profile.php?id=100003676547676
100004106211413,Irgi Fahreza,https://www.facebook.com/irgi221
100004931611693,万逸雯,https://www.facebook.com/profile.php?id=100004931611693
100003979676374,蕭晴珍,https://www.facebook.com/ai.z.ni.9
100007317181170,Hsin Yu  Chen,https://www.facebook.com/hsinyu.chen.3597
100000317377581,林玨,https://www.facebook.com/chueh.lin.7
100006355595170,陳正壽,https://www.facebook.com/profile.php?id=100006355595170
100002228586440,陳玟璇,https://www.facebook.com/profile.php?id=100002228586440
684960803,Ks Du,https://www.facebook.com/ksdu5
100000056116958,張益國,https://www.facebook.com/midas.chang
100003279546136,Angel Phang,https://www.facebook.com/angel.phang.75
100000301008878,Cing Hong Shen,https://www.facebook.com/cinghong.shen
100000382686284,Husant-niu Niu,https://www.facebook.com/nice.niu
100002416821961,金巧薇,https://www.facebook.com/profile.php?id=100002416821961
100002020141392,徐于軒,https://www.facebook.com/profile.php?id=100002020141392
100002214818710,張妤蘋,https://www.facebook.com/profile.php?id=100002214818710
100000078019595,嘉輝廖,https://www.facebook.com/cafeliao830
605321502,橙紅橘,https://www.facebook.com/chen.h.ju.9
100003191029614,Stanley Huang,https://www.facebook.com/lun.c.huang.7
100002508611321,黃玫瑄,https://www.facebook.com/meihsuan.huang.33
100007309026775,侯東侑,https://www.facebook.com/profile.php?id=100007309026775
100001012932436,Lai Yi-lin,https://www.facebook.com/yilin.lai.9
100002484761810,听说我最爱行星防弹,https://www.facebook.com/nee.xiao.9
100006696068992,邱嘉絃,https://www.facebook.com/profile.php?id=100006696068992
100005274151973,鮮柚冰,https://www.facebook.com/profile.php?id=100005274151973
100004548542541,Kyaw Pai Soe,https://www.facebook.com/kyawpai.soe.7
100000376625688,辛峻綜,https://www.facebook.com/profile.php?id=100000376625688
100005204171742,鄭和儒,https://www.facebook.com/profile.php?id=100005204171742
100004569662523,魏禾軒,https://www.facebook.com/cntyseruy
100006165614403,吳政璋,https://www.facebook.com/profile.php?id=100006165614403
100000258288589,劉冠輝,https://www.facebook.com/coffee.liu1
100001748624476,Samir Asri,https://www.facebook.com/samir.asri.33
100000341315534,張菁玉,https://www.facebook.com/profile.php?id=100000341315534
100002545166278,Cristian Salazar,https://www.facebook.com/cristian.salazar.1654700
100003286987717,宋采芃,https://www.facebook.com/profile.php?id=100003286987717
100000338075779,張宏煒,https://www.facebook.com/profile.php?id=100000338075779
100002176071410,胡郁菲,https://www.facebook.com/yufei.hu1
100007348350432,高文娟,https://www.facebook.com/profile.php?id=100007348350432
100000349594183,Snape Severus,https://www.facebook.com/severus.snape.5
100000131830215,郭政雄,https://www.facebook.com/profile.php?id=100000131830215
100006433593742,Khin Kyee Kyawe,https://www.facebook.com/htoo.lay.5817
100003332316551,李羿頻,https://www.facebook.com/profile.php?id=100003332316551
100003778465171,Eric Neely,https://www.facebook.com/eric.neely775
100000382658183,夏雪兒,https://www.facebook.com/profile.php?id=100000382658183
100002301087843,吳鎮佑,https://www.facebook.com/profile.php?id=100002301087843
100007291925963,廖月兒,https://www.facebook.com/profile.php?id=100007291925963
100002304360168,李家銘,https://www.facebook.com/profile.php?id=100002304360168
100006606611043,Melissa Green,https://www.facebook.com/profile.php?id=100006606611043
100000111348948,王聖揚,https://www.facebook.com/zefightro
100006311622036,劉邦廷,https://www.facebook.com/bangyu.liu.98
100003562233794,藍胤昕,https://www.facebook.com/yin.xuan.12
100002151078101,駱文康,https://www.facebook.com/kaze.zai
100001206625121,Clement Koo,https://www.facebook.com/koo.clement
100002930080410,Suk San,https://www.facebook.com/suk.san.14
100001946300188,許漢生,https://www.facebook.com/xu.h.sheng.3
100001602506314,蕭勝仁,https://www.facebook.com/profile.php?id=100001602506314
1839264982,Chi Lo,https://www.facebook.com/chi.lo.71
100000383351840,香菇妹,https://www.facebook.com/profile.php?id=100000383351840
100000130942765,楊怡倫,https://www.facebook.com/lun.lun.90
100000429494013,懂珍惜,https://www.facebook.com/you.liang.7
100006535126272,張怡婷,https://www.facebook.com/profile.php?id=100006535126272
100005372882183,Gerald Asco,https://www.facebook.com/gerald.asco
100004304885971,劉世宜,https://www.facebook.com/profile.php?id=100004304885971
100004437003460,胡秀芬,https://www.facebook.com/profile.php?id=100004437003460
100003628628515,Eric Kiing,https://www.facebook.com/eric.kiing.5
100005514336631,謝春蘭,https://www.facebook.com/profile.php?id=100005514336631
100003808399071,蔡明修,https://www.facebook.com/profile.php?id=100003808399071
100006865776109,陳艾登,https://www.facebook.com/profile.php?id=100006865776109
100001863644456,雅妃,https://www.facebook.com/chacha.zheng
1144588363,Qiaoying Liu,https://www.facebook.com/qiaoying.liu.1
100001987538450,蔡家豪,https://www.facebook.com/cai.hao.7
100007325310122,呂翊翊,https://www.facebook.com/profile.php?id=100007325310122
100006906400232,陳駿和,https://www.facebook.com/profile.php?id=100006906400232
100002016361065,張芯瑜,https://www.facebook.com/vnf0932799627
100003091136213,陳昆偉,https://www.facebook.com/profile.php?id=100003091136213
100000273866002,強強,https://www.facebook.com/psy820217
100004371044410,Chin Yun,https://www.facebook.com/profile.php?id=100004371044410
100002948846797,吳岱蓉,https://www.facebook.com/profile.php?id=100002948846797
100000383698663,陳靜怡,https://www.facebook.com/profile.php?id=100000383698663
100006583596642,安寶兒,https://www.facebook.com/vivi.hang.7
100000016505034,Cindy HeartsMonkeyy,https://www.facebook.com/CindyHeartsMonkeyy
100000191439256,王經泰,https://www.facebook.com/profile.php?id=100000191439256
100002911007496,李家宜,https://www.facebook.com/profile.php?id=100002911007496
100004103220847,Mis Fati,https://www.facebook.com/mis.fati.14
100000353632640,王俊傑,https://www.facebook.com/profile.php?id=100000353632640
100004055000575,林宜萱,https://www.facebook.com/profile.php?id=100004055000575
100003527717958,熊愛玩,https://www.facebook.com/zhen.youma
100001659336005,皮酷,https://www.facebook.com/wowpipiwow
100006380109536,José Lovo,https://www.facebook.com/jose.lovo.3954
100000168375280,旺旺吳,https://www.facebook.com/profile.php?id=100000168375280
100006171519722,游上文,https://www.facebook.com/profile.php?id=100006171519722
100001716462932,顏暉恩,https://www.facebook.com/matt888888
100004008851085,何本宇,https://www.facebook.com/profile.php?id=100004008851085
100000849745898,May Lin,https://www.facebook.com/Ting.Garden
100000480544310,楊潔,https://www.facebook.com/profile.php?id=100000480544310
100004104404289,K-Son Kimson,https://www.facebook.com/kimson.chong
100005827421684,Tiểu Yêu Bắc Ninh,https://www.facebook.com/profile.php?id=100005827421684
100007225350437,巫明君,https://www.facebook.com/profile.php?id=100007225350437
100005495137767,陳志,https://www.facebook.com/profile.php?id=100005495137767
100001249092412,張豪升,https://www.facebook.com/profile.php?id=100001249092412
100001001579091,莊杜咕,https://www.facebook.com/du.gu.14
1469340614,Daniel Jiang,https://www.facebook.com/jiang816
100003008589885,彭蹦蹦,https://www.facebook.com/zxinpeng
100002317444980,許玉榮,https://www.facebook.com/yu.rong.35
1155665147,Ling Yao,https://www.facebook.com/ling.yao.16
100003610398721,Hugo Ji,https://www.facebook.com/hugo.jiji
100000391546264,陳郁評,https://www.facebook.com/profile.php?id=100000391546264
100001605713930,劉家暉,https://www.facebook.com/profile.php?id=100001605713930
100006701978308,Bunpee Qatra,https://www.facebook.com/bunpee.qatra
100000330207114,顏意芳,https://www.facebook.com/yvonne.yen.94
100004839061330,Ŝtêvëñ Ĥöpê,https://www.facebook.com/naythinzar.winnyunt
100003200583909,李健豪,https://www.facebook.com/hank.lee.370
100002380105532,鄧玄珮,https://www.facebook.com/profile.php?id=100002380105532
100007329363840,Boonmak Noy,https://www.facebook.com/boonmak.noy.5
100002492258376,楊尚鑫,https://www.facebook.com/profile.php?id=100002492258376
100000230303075,袁睿鴻,https://www.facebook.com/profile.php?id=100000230303075
100002566363692,陳逸川,https://www.facebook.com/xiao.yue.73
1761709410,黃媛媛,https://www.facebook.com/profile.php?id=1761709410
100002074274388,許稀奇,https://www.facebook.com/Firerycon
100000333931101,潘子豪,https://www.facebook.com/profile.php?id=100000333931101
697660081,Chiang Ya-Ying,https://www.facebook.com/eileen1968
1642050707,Wang King,https://www.facebook.com/profile.php?id=1642050707
100002703058241,陳俊吉,https://www.facebook.com/profile.php?id=100002703058241
100007205436961,陳曉合,https://www.facebook.com/profile.php?id=100007205436961
100001440101700,Ferchiiz Zosel,https://www.facebook.com/ferchiiz.zosel
1503519225,Doris Tzeng,https://www.facebook.com/doris.tzeng.35
100003533530701,陳仲誠,https://www.facebook.com/profile.php?id=100003533530701
100002143764036,魏愷德,https://www.facebook.com/DracoZackz
100001425717015,劉時穎,https://www.facebook.com/profile.php?id=100001425717015
100004688084580,Konyi Nyi,https://www.facebook.com/konyi.nyi.737
100002829670739,林亞妮,https://www.facebook.com/profile.php?id=100002829670739
100004120924288,林子翔,https://www.facebook.com/profile.php?id=100004120924288
100000572239952,陳耀宇,https://www.facebook.com/profile.php?id=100000572239952
100001632012237,吳凱俊,https://www.facebook.com/profile.php?id=100001632012237
100004408058220,Xiao Moon,https://www.facebook.com/xiao.moon.315
100003617500168,曾沛姍,https://www.facebook.com/tina.zand.3
100001294337081,Sanghy Eang,https://www.facebook.com/MJsanghy
1812097800,Ming Yan Candy Cheung,https://www.facebook.com/mingyanch
100000147013794,曾彥文,https://www.facebook.com/e.yu.90
100000504680725,陳柏翔,https://www.facebook.com/profile.php?id=100000504680725
100000355062154,龔舜心,https://www.facebook.com/gong0528
100007242307669,康圣龙,https://www.facebook.com/shenglongkang
100004268828615,I-Yi Chen,https://www.facebook.com/profile.php?id=100004268828615
100004617842532,超愛霖,https://www.facebook.com/he.mei.359
100003253808127,Kam Wing Leung,https://www.facebook.com/kamwing.leung.1
100006089623490,鄭俊傑,https://www.facebook.com/jcilknmy
100006399876619,張修晟,https://www.facebook.com/hsiuchenccc
100006814959209,คิดถึง อุบลบ้านเฮา,https://www.facebook.com/sukanya.pantama.9
100002276550883,Dannel Ooi,https://www.facebook.com/dannel.ooi
100000195553793,羊小羊,https://www.facebook.com/profile.php?id=100000195553793
100001615399429,蔡奇龍,https://www.facebook.com/profile.php?id=100001615399429
100000236890352,莊昂瑾,https://www.facebook.com/profile.php?id=100000236890352
100003487231170,王幻月,https://www.facebook.com/profile.php?id=100003487231170
100000193066744,Ju Wen Jia,https://www.facebook.com/wenjia.ju.3
100005719740376,黃麒恩,https://www.facebook.com/profile.php?id=100005719740376
100002917689943,溫廷芸,https://www.facebook.com/profile.php?id=100002917689943
100002518037539,洪銘遠,https://www.facebook.com/profile.php?id=100002518037539
100000359922713,羅宇翔,https://www.facebook.com/profile.php?id=100000359922713
100000393559740,淡定了,https://www.facebook.com/tai.xiong.129
1844548964,劉志穎,https://www.facebook.com/profile.php?id=1844548964
100006534494379,賴穗芬,https://www.facebook.com/profile.php?id=100006534494379
100002181616353,徐智玄,https://www.facebook.com/skullsver.jk
100001381510851,俞國偉,https://www.facebook.com/profile.php?id=100001381510851
100001858064410,林嘎任,https://www.facebook.com/profile.php?id=100001858064410
100004427349898,江周陽,https://www.facebook.com/profile.php?id=100004427349898
100006750276908,劉又嘉,https://www.facebook.com/bakakumakuma
100002263070451,王昱翎,https://www.facebook.com/profile.php?id=100002263070451
100002190993015,陳雅芳,https://www.facebook.com/profile.php?id=100002190993015
100002231806046,吳仕杰,https://www.facebook.com/profile.php?id=100002231806046
100000570882065,林珮如,https://www.facebook.com/profile.php?id=100000570882065
100003190178172,劉小白,https://www.facebook.com/profile.php?id=100003190178172
100003777861206,Ju Ji  Chen,https://www.facebook.com/juji.chen.7
100002289383178,劉國隆,https://www.facebook.com/ineednod
100000327942555,吳彥甫,https://www.facebook.com/jacky96325
100001652745026,陳越興,https://www.facebook.com/profile.php?id=100001652745026
100000346961639,李勝宇,https://www.facebook.com/profile.php?id=100000346961639
100004953935927,黃雲清,https://www.facebook.com/profile.php?id=100004953935927
100004898917693,穆惠琴,https://www.facebook.com/profile.php?id=100004898917693
100001815358334,王雅琪,https://www.facebook.com/profile.php?id=100001815358334
1699141415,David Stolle,https://www.facebook.com/HJJAY
100002578397312,家园,https://www.facebook.com/profile.php?id=100002578397312
100003085141637,Cristina Isabel Isabel Diaz,https://www.facebook.com/helenisabel.diaz
100007287070142,李季庭,https://www.facebook.com/profile.php?id=100007287070142
100001064662513,夏宇,https://www.facebook.com/profile.php?id=100001064662513
100002718147655,徐珮綺,https://www.facebook.com/profile.php?id=100002718147655
100004731511123,楊雅雯,https://www.facebook.com/profile.php?id=100004731511123
100002500956874,張生中,https://www.facebook.com/profile.php?id=100002500956874
100002157480427,蔡佳芯,https://www.facebook.com/profile.php?id=100002157480427
100005955877735,Bing Xun Chen,https://www.facebook.com/profile.php?id=100005955877735
100002491171146,Anggy N'dut Part II,https://www.facebook.com/eghy.zimmi
100002329082509,潘宥珅,https://www.facebook.com/profile.php?id=100002329082509
100002221320969,鄭杏潔,https://www.facebook.com/profile.php?id=100002221320969
1395594042,黃子玉,https://www.facebook.com/profile.php?id=1395594042
100006342514810,樂抹茶,https://www.facebook.com/profile.php?id=100006342514810
100001251667201,徐文傑,https://www.facebook.com/profile.php?id=100001251667201
1293822807,吳奇穎,https://www.facebook.com/profile.php?id=1293822807
100005031822088,Mẫn Mẫn,https://www.facebook.com/thucmanmei.huynh
100002604546402,吳俊逸,https://www.facebook.com/wl01391685
100002739837446,黃以婷,https://www.facebook.com/profile.php?id=100002739837446
100000868039310,張書豪,https://www.facebook.com/profile.php?id=100000868039310
100006385270972,陳杉,https://www.facebook.com/profile.php?id=100006385270972
100000415647055,Ben Chen,https://www.facebook.com/profile.php?id=100000415647055
100007215392136,陳厚洲,https://www.facebook.com/profile.php?id=100007215392136
100001810240924,董寶華,https://www.facebook.com/profile.php?id=100001810240924
100002225379118,愛馬仕,https://www.facebook.com/profile.php?id=100002225379118
100004356343745,王吟珊,https://www.facebook.com/profile.php?id=100004356343745
100001711521650,陳億榮,https://www.facebook.com/yi.xia.14
100004833219948,Lovelove Aoyly,https://www.facebook.com/lovelove.chinese
100002665165415,賴邵軒,https://www.facebook.com/danny.lai.376
100002665683179,陳孟易,https://www.facebook.com/profile.php?id=100002665683179
100002544243239,沉沉,https://www.facebook.com/profile.php?id=100002544243239
100001396640026,黄彣馨,https://www.facebook.com/yuliewee.boonxin
100001814117808,吳瑋勳,https://www.facebook.com/profile.php?id=100001814117808
100005465225965,李宗翰,https://www.facebook.com/profile.php?id=100005465225965
100006533776537,王郁甯,https://www.facebook.com/profile.php?id=100006533776537
100000115162676,游家安,https://www.facebook.com/profile.php?id=100000115162676
100003517935490,Bea Francisco,https://www.facebook.com/bearanz.com.14
100007233163016,ダ ンヒル,https://www.facebook.com/profile.php?id=100007233163016
100000513014561,羅士傑,https://www.facebook.com/profile.php?id=100000513014561
100006829777851,愛勝翊,https://www.facebook.com/profile.php?id=100006829777851
100003572381679,晴羽,https://www.facebook.com/profile.php?id=100003572381679
100000495339794,鍾坤廷,https://www.facebook.com/profile.php?id=100000495339794
100001814569706,MaSofia Nodado Roberto,https://www.facebook.com/masofia.nodado
100002571842448,陳昱翰,https://www.facebook.com/chen.y.han.127
100003843302755,何岳倫,https://www.facebook.com/profile.php?id=100003843302755
100003210910141,邱德欽,https://www.facebook.com/chin.t.chiu
100003506718429,蔡耀德,https://www.facebook.com/aniag556
100002246032393,陳錫龍,https://www.facebook.com/profile.php?id=100002246032393
100002176090698,莊心語,https://www.facebook.com/sawa15743
100003313205764,李睿騏,https://www.facebook.com/ricky.lee.948011
100006808356090,周允中,https://www.facebook.com/profile.php?id=100006808356090
100001674926022,傅佑妮,https://www.facebook.com/xie.s.ling.9
100003033851025,鍾昌瑋,https://www.facebook.com/profile.php?id=100003033851025
100000715937853,洪健庭,https://www.facebook.com/profile.php?id=100000715937853
100004467125874,鄭名哲,https://www.facebook.com/profile.php?id=100004467125874
100003825300723,劉義廷,https://www.facebook.com/profile.php?id=100003825300723
100006057397468,陳華蓁,https://www.facebook.com/barbie.barbie.5895
100002983114798,林星妤,https://www.facebook.com/profile.php?id=100002983114798
